Hyllypaikka,Tekij√§,Nimeke,ISBN/ISSN,Julkaisuvuosi,Lainojen lkm.
84.2,"Jokinen, Seppo.",Mustat syd√§met,978-952-289-136-5,2014,3547
84.2,"Rauhala, Pauliina.",Taivaslaulu,978-951-20-9128-7,2013,3482
84.2,"Nopola, Sinikka.",Risto R√§pp√§√§j√§ ja viimeinen t√∂tter√∂,978-951-31-3899-8,2007,2756
84.2 H ,"Nopola, Sinikka, kirjoittaja.",Risto R√§pp√§√§j√§ ja kuuluisa Kamilla,978-951-31-4998-7,2009,2658
85.22,"Havukainen, Aino.",Tatun ja Patun kummat keksinn√∂t kautta aikojen,978-951-1-27544-2,2013,2571
84.2,"Nopola, Sinikka.",Risto R√§pp√§√§j√§ ja villi kone,951-31-3732-5,2006,2437
84.2 D,"Jokinen, Seppo.",Vihan sukua,978-952-289-047-4,2013,2434
84.2 H,"Nopola, Sinikka, kirjoittaja.",Risto R√§pp√§√§j√§ ja kaksoisolento,978-951-31-7348-7,2013,2373
85.22,"Havukainen, Aino.",Tatun ja Patun avaruusseikkailu,978-951-1-25460-7,2011,2364
77.4983,"Nopola, Sinikka, kirjoittaja.",Risto R√§pp√§√§j√§ ja komea Kullervo,978-951-31-2550-9,2002,2353
84.2,"Nopola, Sinikka, kirjoittaja.",Risto R√§pp√§√§j√§ ja Hilpuri Tilli,951-31-3116-5,2004,2351
84.2,"Nopola, Sinikka, kirjoittaja.","Hetki ly√∂, Risto R√§pp√§√§j√§",951-31-0995-X,1997,2307
85.22,"Havukainen, Aino.",Tatu ja Patu supersankareina,978-951-1-24541-4,2010,2285
85.12 LA,"Nopola, Sinikka, kirjoittaja.",Risto R√§pp√§√§j√§ saa is√§n,978-951-31-5147-8,2011,2281
84.2,"Nopola, Sinikka, kirjoittaja.",Risto R√§pp√§√§j√§ ja Nuudelip√§√§,951-31-1478-3,2000,2256
84.2,"Nopola, Sinikka, kirjoittaja.",Risto R√§pp√§√§j√§ ja kauhea makkara,951-31-1145-8,1998,2251
85.22,"Havukainen, Aino.",Tatu ja Patu p√§iv√§kodissa,978-951-1-19658-7,2004,2207
84.2,"Nopola, Sinikka, kirjoittaja.",Risto R√§pp√§√§j√§ ja sitke√§ finni,951-31-2772-9,2003,2195
85.22 KU,"Havukainen, Aino.",Tatu ja Patu ty√∂n touhussa,951-1-21314-8,2006,2179
84.2 D,"Lehtolainen, Leena.",Rautakolmio,978-951-31-7423-1,2013,2155
85.22,"Havukainen, Aino.",Tatun ja Patun Suomi,978-951-1-21915-6,2007,2115
84.2,"Nopola, Sinikka, kirjoittaja.",Risto R√§pp√§√§j√§ ja pakastaja-Elvi,951-31-2050-3,2001,2065
84.2,"Mustonen, Enni.",Paimentytt√∂,978-951-1-27207-6,2013,2064
84.2,"Pakkanen, Outi.",Rakastaja,978-951-1-27363-9,2013,2046
84.2,"Nopola, Sinikka, kirjoittaja.",Risto R√§pp√§√§j√§ ja nukkavieru Nelli,978-951-31-6874-2,2012,2019
84.2,"Kinnunen, Tommi.",Nelj√§ntienristeys,978-951-0-40382-2,2014,1974
84.2,"Kivel√§, Anneli.",Valoa ja varjoa Katajam√§ell√§,978-951-23-5798-7,2014,1909
84.2,"Mustonen, Enni.",Lapsenpiika,978-951-1-27582-4,2014,1881
84.2,"Jungstedt, Mari.",Nelj√§s uhri,978-951-1-26963-2,2014,1873
84.2,"Marklund, Liza.",Ajojahti,978-951-1-26142-1,2013,1846
84.2,"Pulkkinen, Riikka.",Iiris Lempivaaran levoton ja painava syd√§n,978-951-1-27833-7,2014,1845
85.22,"Havukainen, Aino.",Tatun ja Patun oudot kojeet,951-1-20084-4,2005,1801
84.2,"Jokinen, Seppo.",Hervantalainen,978-952-5918-71-7,2012,1799
85.22,"Havukainen, Aino.",Tatun ja Patun oudot aakkoset,978-951-1-23687-0,2009,1746
85.22,"Havukainen, Aino.",Tatun ja Patun outo unikirja,978-951-1-22673-4,2008,1725
84.2 D,"Tuominen, Pirjo.",Muistatko Marjatan? : j√§nnitysromaani,978-951-31-7364-7,2013,1682
84.2,"Roberts, Nora.",Ovi syd√§meen,978-951-20-8811-9,2014,1654
84.2,"Lehtinen, Tuija.",Morsiuskamari,978-951-1-27361-5,2013,1637
79.8,"Havukainen, Aino.","Tatu ja Patu pihalla : k√§sikirja kaikille niille, joilla ei ole mit√§√§n tekemist√§ ja niille, jotka ovat jo unohtaneet leikkimisen jalon taidon",978-951-1-26553-5,2012,1601
84.2,"Hotakainen, Kari.",Luonnon laki,978-952-234-185-3,2013,1565
84.2,"Kyr√∂, Tuomas.","Ilosia aikoja, Mielens√§pahoittaja",978-951-0-40762-2,2014,1512
85.22,"Havukainen, Aino.",Tatu ja Patu Helsingiss√§,978-951-1-26284-8,2012,1508
84.2,"Nopola, Sinikka.",Risto R√§pp√§√§j√§ : eritt√§in salainen - top secret,978-951-31-4473-9,2008,1483
84.2,"West√∂, Kjell.",Kangastus 38,978-951-1-27403-2,2013,1482
84.2,"Tuominen, Pirjo.","Toinen silm√§ p√§iv√§, toinen y√∂ : j√§nnitysromaani",978-951-31-7884-0,2014,1478
84.2,"Leon, Donna.",Pedon palkka,978-951-1-27869-6,2014,1459
84.2,"Holt, Anne.",Kuollut kulma,978-951-20-9271-0,2013,1439
84.2,"Pakkanen, Outi.",Marius,978-952-289-137-2,2014,1434
84.2,"L√§ckberg, Camilla.",Enkelintekij√§,978-951-20-9030-3,2013,1432
84.2,"M√§ki, Reijo.",Cowboy,978-951-1-28217-4,2014,1418
84.2,"Kivel√§, Anneli.",Outo lintu Katajam√§ell√§,978-951-23-5699-7,2013,1395
84.2,"Remes, Ilkka.",Omertan liitto,978-951-0-39874-6,2013,1378
84.2,"Nopola, Sinikka.","Likka, √§ite ja rouva Obama : episodiromaani",978-951-0-39927-9,2013,1368
84.2,"Jokinen, Seppo.",Ajomies,978-952-5918-25-0,2011,1358
84.2 D,"Arhippa, Pirkko.",Tii taa Taneli : j√§nnitysromaani,978-951-883-529-8,2013,1354
84.2,"Lindgren, Minna.",Ehtoolehdon pakolaiset,978-951-851-584-8,2014,1341
85.32 H,"Pilkey, Dav.",Supervaippavauvan seikkailut : Erno Parran ja Huuko Hollinsin ensimm√§inen sarjakuvaromaani,978-951-31-7145-2,2013,1340
84.2 D,"Nesb√∏, Jo.",Poliisi,978-951-0-39943-9,2013,1336
84.2,"Utrio, Kaari.",Seuraneiti,978-952-5330-58-8,2013,1336
85.22,"Kunnas, Mauri.",Aarresaari : kunnasmainen tulkinta Robert Louis Stevensonin klassikosta,978-951-1-26442-2,2012,1334
84.2 D,"Sipil√§, Jarkko.",Valepoliisi,978-952-289-048-1,2013,1322
84.2,"Adler, Elizabeth.",Talo maalla,978-951-20-9458-5,2014,1308
84.2,"R√∂nk√§, Matti.",Levantin kyy,978-951-20-9310-6,2013,1307
84.2,"Sipil√§, Jarkko.",Luupuisto,978-952-289-140-2,2014,1301
99.1,"Rajala, Panu.",Lavat√§hti ja kirjamies : rakkauskertomus,978-951-0-39484-7,2013,1288
84.2,"Tervo, Jari.",Esikoinen : romaani,978-951-0-39971-2,2013,1288
85.22,"Havukainen, Aino.",Veera ja maatalon el√§imet,951-1-17448-7,2001,1282
84.2,"M√§ki, Reijo.",Intiaani,978-951-1-27390-5,2013,1278
84.2,"Jansson, Anna.",Tuhopolttaja,978-951-20-9470-7,2014,1276
84.2 D,"Jokinen, Seppo.",R√§√§t√§l√∂ity ratkaisu,978-951-23-5305-7,2010,1272
84.2,"Lundberg, Ulla-Lena.",J√§√§,978-951-851-475-9,2012,1264
77.492,"Haapasalo, Ville.","""Et kuitenkaan usko..."" : Ville Haapasalon varhaisvuodet Ven√§j√§ll√§",978-952-291-012-7,2013,1262
84.2,"Steel, Danielle.",Iso tytt√∂,978-951-0-40272-6,2013,1260
84.2 H,"Nopola, Sinikka.",Risto R√§pp√§√§j√§ ja Sevillan saituri,978-951-31-7997-7,2014,1256
84.2,"Binchy, Maeve.",Seitsem√§n talvista p√§iv√§√§,978-951-0-40006-7,2013,1253
84.2,"Pelo, Riikka.",Jokap√§iv√§inen el√§m√§mme,978-951-851-389-9,2013,1250
3,Guinness world records 2014.,Guinness world records 2014,978-951-32-3784-4,2013,1243
84.2,"Clark, Mary Higgins.",Kuin kaksi marjaa,978-951-31-6802-5,2014,1238
85.22,"Havukainen, Aino.",Veeran keitti√∂puuhat,951-1-18221-8,2002,1237
84.2,"H√§rk√∂nen, Anna-Leena.",Kaikki oikein,978-951-1-27316-5,2014,1225
84.2,"Kyr√∂, Tuomas.",Kunkku : iloittelu,978-952-234-173-0,2013,1219
84.2,"Kilpi, Marko.",Kuolematon,978-951-20-9307-6,2013,1203
84.2,"Kepler, Lars.",Nukkumatti : rikosromaani,978-951-31-7270-1,2013,1203
84.2,"Mustonen, Enni.",Kultarikko,978-951-1-26353-1,2012,1197
84.2,"Ropponen, Markku.",Kuhala ja tuomitut,978-951-31-7625-9,2014,1179
84.2,"Hosseini, Khaled.",Ja vuoret kaikuivat,978-951-1-27399-8,2013,1173
84.2,"Brown, Sandra.",Paljon peliss√§,978-951-31-7603-7,2014,1170
84.2,"Franz√©n, Peter.",Samoilla silmill√§,978-951-31-7431-6,2013,1168
84.2 H,"Parvela, Timo.",Ella ja kaverit menev√§t mets√§√§n,978-951-31-5997-9,2013,1165
84.2,"Roberts, Nora.",Tulen syliss√§,978-951-20-8812-6,2013,1164
84.2 J√ÑN,"Sandberg, Timo.",K√§rp√§svaara,978-951-23-5757-4,2014,1163
84.2,"P√§ttikangas, Eira.",Kuinka monta iltaa,978-951-23-5764-2,2014,1158
85.22,"Kunnas, Mauri.",Robin Hood,978-951-1-23672-6,2009,1153
84.2,"Mankell, Henning.",Haudattu,978-951-1-27763-7,2013,1143
84.2,"Rowling, J. K.",Harry Potter ja viisasten kivi,978-951-31-1146-5,1998,1136
85.22,"Kunnas, Mauri.",Herra Hakkaraisen seitsem√§n ihmett√§,978-951-1-22929-2,2008,1134
84.2,"Kyr√∂, Tuomas.",Mielens√§pahoittaja ja ruskeakastike,978-951-0-39079-5,2012,1128
84.2,"Hiekkapelto, Kati.",Suojattomat,978-951-1-27392-9,2014,1127
84.2,"Lindgren, Minna.",Kuolema Ehtoolehdossa,978-951-851-505-3,2013,1125
85.22,"Kunnas, Mauri.",Koirien Kalevala,951-1-12244-4,1992,1122
84.2,"Pilkey, Dav.",Kapteeni Kalsari ja professori Poksup√∂ksyn piinalliset puuhat,951-31-2841-5,2003,1116
84.2,"Farah, Nura.",Aavikon tytt√§ret,978-951-1-27828-3,2014,1107
84.2,"Kyr√∂, Tuomas.",Mielens√§pahoittaja,978-951-0-36626-4,2010,1100
84.2,"Oksanen, Sofi.",Kun kyyhkyset katosivat,978-952-01-0781-9,2012,1100
3,Guinness world records 2013.,Guinness world records 2013,978-951-32-3486-7,2012,1097
84.2,"Kelly, Cathy.",Mehil√§iskuningatar,978-951-20-9444-8,2014,1090
84.2,"Rowling, J. K.",Harry Potter ja salaisuuksien kammio,951-31-1472-4,1999,1087
85.22,"Kunnas, Mauri.",Koiram√§en lapset ja n√§kki,978-951-1-21898-2,2007,1084
85.22,"Havukainen, Aino.",Veera ja menopelit,951-1-16562-3,2000,1080
84.2 HEVOS,"Hallberg, Lin.","Kes√§ kutsuu, Sinttu!",978-951-31-7564-1,2014,1080
84.2,"Flynn, Gillian.",Kiltti tytt√∂,978-951-0-39683-4,2013,1079
85.22,"Havukainen, Aino.",Veera l√§√§k√§riss√§,951-1-16018-4,1999,1068
84.2,"Orkoma, Marja.",Pepperoni & pikilanka,978-951-883-584-7,2014,1058
84.2,"Jungstedt, Mari.",Vaarallinen leikki,978-951-1-26962-5,2013,1055
84.2,"H√§meen-Anttila, Virpi.",Y√∂n syd√§n on j√§√§t√§ : kolme viikkoa Karl Axel Bj√∂rkin el√§m√§ss√§ maaliskuussa 1921,978-951-1-28214-3,2014,1050
84.2,"Orkoma, Marja.",Lesti & Lautanen,978-951-883-489-5,2013,1050
84.2 H,"Hallberg, Lin.","Tallilla tapahtuu, Sinttu",978-951-31-7024-0,2013,1043
85.22,"Nordqvist, Sven.",Viiru muuttaa,978-951-31-6844-5,2012,1043
84.2,"Kettu, Katja.",K√§til√∂ : romaani,978-951-0-38200-4,2011,1042
84.2 H ,"Hallberg, Lin.","Hieno hyppy, Sinttu",978-951-31-4921-5,2009,1039
85.22,"Wieslander, Jujja.",Lehm√§ liukum√§ess√§,951-882-365-0,2003,1037
84.2,"Ahern, Cecelia.",Sadan nimen mittainen matka,978-951-20-9249-9,2014,1028
84.2,"Pilkey, Dav.","Kapteeni Kalsarin ja S√§hk√∂r√§k√§j√§tk√§n iso paha taistelu. 2. osa, Roimien Robor√§kien kosto /",951-31-3148-3,2004,1027
84.2,"Jansson, Anna.",Haudan takaa,978-951-20-9121-8,2013,1024
84.2 H ,"Parvela, Timo.",Ella ja j√§ttipotti,978-951-31-4943-7,2009,1024
85.22,"Wieslander, Jujja.",Lehm√§ rakentaa majan,951-873-558-1,1995,1023
84.2,"Parvela, Timo.",Ella ja kadonnut karttakeppi,978-951-31-5996-2,2012,1022
85.22,"Wieslander, Jujja.",Mimmi Lehm√§ lukee,978-951-883-257-0,2011,1021
85.22,"Wieslander, Jujja.",Lehm√§ saa laastarin,978-951-882-596-1,2006,1019
84.2,"Hirvisaari, Laila.","Me, Keisarinna : romaani",978-951-1-26319-7,2013,1013
85.22,"Havukainen, Aino.",Tatu ja Patu Helsingiss√§,951-1-18984-0,2003,1012
84.2,"Snellman, Anja.","P√§√§oma : romaani, requiem",978-951-1-26243-5,2013,1009
84.2,"Nieminen, Veera.",Avioliittosimulaattori,978-951-31-7420-0,2013,1007
84.2,"Pilkey, Dav.",Kapteeni Kalsari ja Hurjan Hierrenaisen hirmutuuli,951-31-2933-0,2004,1005
84.2 H ,"Parvela, Timo.",Ella ja Y√∂n ritarit,978-951-31-5588-9,2010,1004
85.22,"Kunnas, Mauri.",Suuri urheilukirja,951-1-07518-7,1988,1001
92.73,"Kivim√§ki, Ville.",Murtuneet mielet : taistelu suomalaissotilaiden hermoista 1939-1945,978-951-0-37466-5,2013,1001
84.2 H ,"Nopola, Sinikka.",RR kuin Risto R√§pp√§√§j√§,978-951-31-5718-0,2010,993
84.2,"Pakkanen, Outi.",Toinen kerros,978-951-1-26585-6,2012,988
84.2,"Sund, Erik Axl.",Varistytt√∂,978-951-1-27183-3,2014,987
84.2,"H√§meen-Anttila, Virpi.",Marionetit : romaani,978-951-1-27376-9,2013,979
84.2 H ,"Hallberg, Lin.","Torstaina n√§hd√§√§n, Sinttu",978-951-31-3969-8,2009,976
84.2,"Coben, Harlan.",Lupaa ja vaikene,978-952-492-847-2,2014,974
84.2,"Jokinen, Seppo.",Viha on paha vieras,978-951-23-4885-5,2007,972
85.22,"Nopola, Sinikka.","Hein√§hattu, Vilttitossu ja Kalju-Koponen",978-951-31-5943-6,2012,970
84.2,"Tuominen, Pirjo.",Silkkipunos,978-951-31-6849-0,2012,967
85.22,"Kunnas, Mauri.",Hui kauhistus!,978-951-1-08578-2,1985,966
15,"Kunnas, Mauri.",Kummallisuuksien k√§sikirja,978-951-1-25207-8,2011,966
84.2 D,"Brown, Dan.",Inferno,978-951-0-40007-4,2013,964
84.2,"Pilkey, Dav.",Kapteeni Kalsari ja violetin vessan v√§en vinha vahinko,978-951-31-3831-8,2007,960
84.2,"Hallberg, Lin.",Maailman ihanin Sinttu,978-951-31-3968-1,2008,960
85.22,"Nordqvist, Sven.",Viiru kateissa,978-951-31-2126-6,2001,960
85.22,"Nordqvist, Sven.",Viiru ja Pesonen kettujahdissa,978-951-31-0394-1,1994,959
85.22,"Wieslander, Jujja.",Lehm√§ siivoaa kotinsa,978-951-873-703-5,1997,951
84.2,"Steel, Danielle.",Etel√§n valot,978-951-0-39708-4,2013,951
85.22,"Kunnas, Mauri.",Hurja-Harri ja pullon henki,978-951-1-24540-7,2010,951
85.22,"Kunnas, Mauri.","Apua, merirosvoja!",978-951-1-13330-8,1994,949
84.2 D,"Nyk√§nen, Harri.",Leijonakuningas : komisario Ariel Kafkan tutkimuksia,978-952-289-106-8,2013,949
84.2,"Nevanlinna, Arne.",Heta : romaani,978-951-0-40174-3,2014,946
84.2 HELP,"Hallberg, Lin.","Suuri seikkailu, Sinttu",978-951-31-5843-9,2011,945
84.2,"Lehtolainen, Leena.",Kuusi kohtausta Sadusta,978-951-31-8028-7,2014,942
84.2 D,"Jokinen, Seppo.",Ly√∂ty mies,978-951-23-5130-5,2009,939
84.2,"Pilkey, Dav.",Kapteeni Kalsari ja puhuvat p√∂nt√∂t,951-31-2381-2,2002,935
84.2,"Parvela, Timo.",Ella : varokaa lapsia!,951-31-3685-X,2006,934
84.2 D,"Galbraith, Robert.",K√§en kutsu,978-951-1-28011-8,2013,933
84.2,"Rowling, J. K.",Harry Potter ja Azkabanin vanki,951-31-1737-5,2000,933
84.2,"Gavalda, Anna.",Lempi ei ole leikin asia,978-951-20-9480-6,2014,930
84.2,"Roberts, Nora.",Rakkauden kynnyksell√§,978-951-20-8810-2,2013,929
85.22,"Kunnas, Mauri.",Kaikkien aikojen avaruuskirja,978-951-1-21600-1,2007,928
68.2,"Havukainen, Aino.","Tatu ja Patu, sy√∂m√§√§n! : k√§sikirja kaikille niille, jotka ovat joskus sy√∂neet, sy√∂v√§t juuri nyt tai suunnittelevat sy√∂v√§ns√§",978-951-1-28239-6,2014,926
85.22,"Kunnas, Mauri.",Viikingit tulevat!,951-1-21211-7,2006,923
84.2,"Pilkey, Dav.",Kapteeni Kalsari seikkailee,951-31-2380-4,2002,911
84.2,"Parvela, Timo.",Ella ja √Ñf Yksi,978-951-31-4315-2,2008,910
85.22,"Wieslander, Jujja.","Lehm√§, joka tahtoi keinua",951-873-426-7,1993,906
84.2,"Kallioniemi, Tuula.",Kaahailua ja kepposia,978-951-1-25347-1,2011,905
84.2,"Lehtinen, Tuija.",Tuhansien aamujen talo,978-951-1-26735-5,2012,904
85.22,"Kunnas, Mauri.",Hurjan hauska autokirja,978-951-1-12758-1,1993,904
77.49,"Wallace, Daniel.",Galaktiset taistelut,978-951-0-39206-5,2012,903
84.2 H ,"Hallberg, Lin.","Kiva leiri, Sinttu",978-951-31-5250-5,2010,902
84.2,"Hallberg, Lin.","Yli esteiden, Sinttu!",978-951-31-6322-8,2012,902
84.2,"Steel, Danielle.",Syd√§men asioita,978-951-0-39518-9,2013,902
85.22,"Nordqvist, Sven.",Viirun ja Pesosen kylv√∂puuhat,951-30-9514-2,1990,900
84.2,"Vuori, Kristiina.",Disa Hannuntyt√§r,978-951-31-7638-9,2014,899
84.2,"Grisham, John.",Calicon Joe,978-951-0-39322-2,2014,897
3,Guinness world records 2012.,Guinness world records 2012,978-951-32-3200-9,2011,897
84.2 J√ÑN,"Child, Lee.",Etsint√§kuulutettu,978-951-23-5677-5,2013,896
L84.2,"Hallberg, Lin.","√Ñl√§ pelk√§√§, Sinttu!",978-951-31-6323-5,2012,894
84.2,"Cussler, Clive.",Nollapiste,978-951-0-40273-3,2014,892
84.2,"Atkinson, Kate.",Eik√∂ viel√§k√§√§n hyvi√§ uutisia?,978-951-52-3243-4,2013,890
84.2,"James, P. D.",Valepotilas,978-951-1-25934-3,2013,890
84.2,"Parvela, Timo.",Ella ja Sampan uroty√∂t,978-951-31-5929-0,2011,890
84.2,"Mustonen, Enni.",J√§√§leinikki,978-951-1-25423-2,2011,889
85.22,"Nopola, Tiina.",Siiri ja villi taapero,978-951-31-7340-1,2013,887
84.2 HELP,"Hallberg, Lin.",Sinttu on paras!,978-951-31-5842-2,2011,883
84.2,"L√§ckberg, Camilla.",Majakanvartija,978-951-20-8808-9,2012,882
84.2,"Kaaberb√∏l, Lene.",Poika matkalaukussa,978-952-234-157-0,2013,881
85.22,"Kunnas, Mauri.","Hyv√§√§ y√∂t√§, herra Hakkarainen",951-1-16152-0,1999,879
84.2 D,"Nesb√∏, Jo.",Is√§ns√§ poika,978-951-0-40856-8,2014,876
84.2,"Parvela, Timo.",Ella ja seitsem√§n t√∂rpp√∂√§,978-951-31-3895-0,2007,875
84.2 D,"Kes√§vuori, Saara.",Tarkasti vartioitu,978-951-31-7424-8,2013,874
84.2 H,"Widmark, Martin.",Syntym√§p√§iv√§n arvoitus,978-951-31-7277-0,2013,874
85.12,"Nopola, Sinikka.","Hein√§hattu, Vilttitossu ja √§rh√§kk√§ koululainen",978-951-31-7359-3,2013,874
84.2,"Jokinen, Seppo.",Hiirileikki,978-951-23-4774-2,2006,872
84.2,"Rissanen, Pirjo.",Kamomillasola,978-951-20-8801-0,2012,870
84.2,"Kinney, Jeff.","Neropatin p√§iv√§kirja : [sarjakuvaromaani]. 6, Lunta tupaan /",978-951-0-39931-6,2013,869
84.2,"Pilkey, Dav.","Kapteeni Kalsarin ja S√§hk√∂r√§k√§j√§tk√§n iso paha taistelu. 1. osa, Siivottomien sierainm√∂ykkyjen y√∂ /",951-31-3147-5,2004,866
84.2,"Kivel√§, Anneli.",K√∂ydenvetoa Katajam√§ell√§,978-951-23-5558-7,2012,863
84.2,"Jonasson, Jonas.",Lukutaidoton joka osasi laskea,978-951-0-39516-5,2014,854
84.2 J√ÑN,"M√§ki, Reijo.",Sahanpururevolveri : kauneimmat kertomukset,978-951-1-26927-4,2013,853
85.22,"Wieslander, Jujja.",Lehm√§ kelkkam√§ess√§,951-873-463-1,1994,853
84.2,"Parvela, Timo.",Ella aalloilla,951-31-3437-7,2005,852
84.2,"Kinney, Jeff.","Neropatin p√§iv√§kirja. 4, Kovan onnen kes√§ : Greg Heffleyn julkaisu /",978-951-0-38693-4,2012,852
85.22,"Bagge, Tapani.",Vihre√§n linnun arvoitus,978-951-31-7213-8,2013,851
84.2 HEVOS,"Hallberg, Lin.",Eppu on hyv√§ yst√§v√§,978-951-31-7561-0,2014,850
84.2,"Luhtanen, Sari.",Linssit huurussa,978-951-31-7637-2,2014,848
84.2,"Sten, Viveca.",Pinnan alla,978-951-0-39690-2,2014,846
84.2,"Pakkanen, Outi.",Julma kuu,978-952-5918-70-0,2012,845
77.49,"Dowsett, Elizabeth.",Jedien salaisuudet,978-951-0-38201-1,2011,844
84.2,"Soininvaara, Taavi.",Toinen peto,978-951-1-27378-3,2013,843
85.22,"Bergstr√∂m, Gunilla.",Mikko Mallikas ja syntym√§p√§iv√§kutsut,978-951-31-4823-2,2009,839
84.2 H,"Hallberg, Lin.",Eppu tulee taloon,978-951-31-6496-6,2013,839
84.2 D,"Ropponen, Markku.",Kuhala & jokimurhat,978-951-31-7130-8,2013,835
84.2,"Delijani, Sahar.",Jakarandapuun lapset,978-951-0-39806-7,2014,826
84.2,"Hiltunen, Pekka.",Iso,978-951-0-39964-4,2013,826
84.2,"Fossum, Karin.",Carmen Zita ja kuolema : romaani,978-951-0-40524-6,2014,825
84.2 D,"Sipil√§, Jarkko.",Rahan mets√§st√§j√§t,978-952-289-046-7,2013,823
84.2,"L√§ckberg, Camilla.",Merenneito,978-951-20-8353-4,2011,819
84.2,"L√§hteenm√§ki, Laura.",Ikkunat y√∂h√∂n,978-951-0-40383-9,2014,817
84.2,"Kinney, Jeff.",Neropatin p√§iv√§kirja : Greg Heffleyn julkaisu,978-951-0-35482-7,2009,815
84.2,"Fielding, Helen.",Bridget Jones : mad about the boy,978-951-1-27420-9,2013,813
84.2,"Kinney, Jeff.","Neropatin p√§iv√§kirja. 5, Karu totuus : Greg Heffleyn julkaisu /",978-951-0-39649-0,2012,812
84.2 D,"Clark, Mary Higgins.",Kadonneet vuodet,978-951-31-6801-8,2013,810
85.22,"Hill, Eric.",Puppe saa pikkusiskon,951-1-10827-1,1989,809
L84.2,"Hallberg, Lin.",Eppu etsii kotia,978-951-31-6495-9,2012,808
84.2,"Kunnas, Mauri.",Y√∂tarinoita,978-951-1-25118-7,2010,807
84.2 H ,"Hallberg, Lin.","Aprillia, Sinttu",978-951-31-5249-9,2010,807
84.2,"Lehtolainen, Leena.",Paholaisen pennut,978-951-31-6827-8,2012,807
84.2,"Roth, Veronica.",Outolintu,978-951-1-27367-7,2014,806
85.22,"Nordqvist, Sven.",Viirun syntym√§p√§iv√§t,951-31-0393-5,1994,804
84.2,"Mustonen, Enni.",Lapinvuokko,978-951-1-24357-1,2010,803
84.2,"Tuominen, Pirjo.",Perint√∂maat,978-951-31-5626-8,2010,803
84.2,"Kinney, Jeff.","Neropatin p√§iv√§kirja. 2, Isoveli isottelee :Greg Heffleyn julkaisu",978-951-0-36036-1,2010,800
65.8,"Lipkowitz, Daniel.",LEGO leikkikirja : ideoita rakentamiseen ja leikkimiseen,978-951-0-40107-1,2013,797
85.22,"Kunnas, Mauri.",Kuningas Artturin ritarit : kappale kissojen varhaista historiaa,951-1-14974-1,1997,797
85.22,"Kunnas, Mauri.",Seitsem√§n koiraveljest√§ : koiramainen versio Aleksis Kiven romaanista Seitsem√§n veljest√§,951-1-18100-9,2002,797
84.2,"L√∂nn, Pasi.",Lunastaja,978-951-31-7425-5,2013,794
84.2 D,"Remes, Matti.",Tappaja,978-951-31-7126-1,2013,793
85.22,"Miler, Zdenƒõk.",Myyr√§ ja kala,978-951-31-7050-9,2013,793
85.22,"Bergstr√∂m, Gunilla.",Mikko Mallikas on kuningas,978-951-31-6642-7,2012,791
84.2,"Tartt, Donna.",Tikli,978-951-0-40249-8,2014,790
84.2,"Pilkey, Dav.",Kapteeni Kalsari ja ulkoavaruuden uskomattoman keljut keitti√∂nt√§dit (ja ruokalan ihan yht√§ ilke√§t zombinynnyt),951-31-2699-4,2003,790
85.22,"Kunnas, Mauri.",Vampyyrivaarin tarinoita,951-1-11854-4,1991,789
84.2,"Jokinen, Seppo.",Sana sanaa vastaan,951-23-4669-9,2005,787
84.2,"Cleeves, Ann.",Viiltoja,978-951-23-5762-8,2014,786
84.2,"King, Stephen.",Tohtori Uni,978-951-31-7332-6,2014,786
84.2,"Rowling, J. K.",Harry Potter ja puoliverinen prinssi,951-31-3507-1,2006,784
85.22 KU,"Nopola, Tiina.",Siiri tekee maalin,978-951-31-5932-0,2011,782
86.22,"Karjalainen, Tuula.",Tove Jansson : tee ty√∂t√§ ja rakasta,978-951-31-6963-3,2013,779
84.2 D,"Slaughter, Karin.",Yli rajan,978-951-31-6915-2,2013,778
84.2,"Widmark, Martin.",El√§inpuodin arvoitus,978-951-31-6780-6,2012,778
84.2,"Jansson, Anna.",Murhan alkemia,978-951-20-8783-9,2012,777
84.2,"Hjorth, Michael.",Tunturihauta,978-952-279-070-5,2013,776
85.22,"Nordqvist, Sven.",Viiru ja Pesonen telttaretkell√§,951-31-0098-7,1993,776
84.2,"Tervo, Jari.",Revontultentie,978-951-0-40763-9,2014,774
84.2,"Sipil√§, Jarkko.",Suljetuin ovin,978-952-5918-75-5,2012,774
84.2,"Luhtanen, Sari.",Murusia,978-951-31-7132-2,2013,772
84.2,"Bl√¶del, Sara.",Vain yksi el√§m√§,978-951-23-5573-0,2014,772
84.2,"Varis, Tuula-Liina.",Ett√§ tuntisin el√§v√§ni : [novellikokoelma],978-951-0-40117-0,2013,771
N84.2,"Kinney, Jeff.","Neropatin p√§iv√§kirja. 3, Viimeinen oljenkorsi : Greg Heffleyn julkaisu /",978-951-0-37085-8,2011,771
84.2,"Harjula, Kristiina.",Pispalan kivi√§,978-951-23-5570-9,2013,771
85.22,"Nordqvist, Sven.",Viiru puijaa Pesosta,978-951-31-0340-8,1994,771
99.1,"Pitko, Matti.",Puolikarkeat muistelmat,978-952-299-008-2,2013,768
84.2,"Rowling, J. K.",Harry Potter ja kuoleman varjelukset,978-951-31-4004-5,2008,768
85.22,"Nopola, Tiina, kirjoittaja.",Siiri ja kauhea kummitus,978-951-31-5689-3,2010,767
84.2,"Misko, Anna.",Armovuosi,978-952-492-842-7,2014,767
84.2,"McCall Smith, Alexander.",Limpopon yksityisetsiv√§koulu,978-951-1-27897-9,2014,765
77.4983,"Windham, Ryder.",Star wars : T√§htien sodan kuvitettu opas,978-951-0-39474-8,2012,763
84.2,"Nesser, H√•kan.",Yksin√§iset : rikosromaani,978-951-31-7602-0,2014,763
84.2,"Parvela, Timo.",Ella Lapissa,951-31-2874-1,2003,762
84.2,"Rowling, J. K.",Harry Potter ja liekehtiv√§ pikari,951-31-2038-4,2001,760
84.2,"Storg√•rd, P√§ivi.",Keinulaudalla : romaani,978-951-52-3079-9,2013,759
84.2,"Child, Lee.",Paluu p√§√§majaan,978-951-23-5789-5,2014,759
84.2,"Tuuri, Antti.",Alkemistit : maallinen rakkaus : romaani,978-951-1-27111-6,2013,759
84.2,"Vuori, Kristiina.",Siipirikko,978-951-31-7084-4,2013,759
84.2,"Forsyth, Frederick.",Tappolista,978-951-1-27863-4,2014,758
84.2,"H√§k√§mies, Kari.",Er√§√§n yhti√∂n murha : rikosromaani,978-951-851-585-5,2014,757
84.2,"Hautam√§ki, Ata.",Kohtalona Rauhaniemi : j√§nnitysromaani,978-952-202-442-8,2013,757
84.2 D,"Tabet, Sirpa.",Kaikki kaupan,978-952-289-109-9,2013,756
84.2,"H√§rk√∂nen, Anna-Leena.",Takana puhumisen taito,978-952-67705-2-9,2014,755
84.2,"Flynn, Gillian.",Paha paikka,978-951-0-40118-7,2014,755
84.2,"Kallioniemi, Tuula.",Faneja ja fossiileja : [Reuhurinne],978-951-1-27300-4,2013,753
84.2,"Jokinen, Seppo.",Suurta pahaa,951-23-4530-7,2004,751
84.2,"Arhippa, Pirkko.",Kihlaava kuolema : j√§nnitysromaani,978-951-883-407-9,2012,750
84.2,"P√§ttikangas, Eira.",Vuodet kuin unta,978-951-23-5618-8,2013,749
84.2,"Cornwell, Patricia.",Paljaat luut,978-951-1-27348-6,2013,749
84.2,"Kinsella, Sophie.",H√§√§y√∂aie,978-951-0-40268-9,2014,745
84.2,"Oksanen, Sofi.",Puhdistus : romaani,978-951-0-33973-2,2008,745
84.2,"Hislop, Victoria.",El√§m√§nlanka,978-952-279-050-7,2014,743
84.2,"Hustvedt, Siri.",S√§ihkyv√§ maailma,978-951-1-27901-3,2014,743
84.2 H ,"Widmark, Martin.",Koulun arvoitus,978-951-31-4745-7,2010,742
84.2,"Knutsson, G√∂sta, kirjoittaja.",Pekka T√∂p√∂h√§nt√§ urheilukilpailuissa,951-20-3974-5,1992,742
84.2,"M√§ki, Reijo.",Sheriffi,978-951-1-26321-0,2012,741
84.2 H,"Parvela, Timo.",Ella ja kaverit karkaavat koulusta,978-951-31-7994-6,2014,740
85.22,"Kanto, Anneli.",Veera Virtanen ja esikoulu,978-951-23-5657-7,2013,740
84.2 J√ÑN,"Leon, Donna.",Turvasatama,978-951-1-26507-8,2013,739
84.2,"Paasilinna, Mauri.",Kannakselta kotiin,978-951-20-9306-9,2013,738
84.2,"Autere, Terttu.",Kuka murhasikaan rouva Holmin?,978-951-23-5765-9,2014,738
84.2,"Jokinen, Seppo.",Kuka sellaista tekisi,978-951-23-5000-1,2008,738
84.2,"Nesb√∏, Jo.",Aave,978-951-0-38712-2,2012,737
85.22 KU,"M√≠ler, Zdenk.",Myyr√§n raketti,951-31-2006-6,2004,737
84.2,"Lehtolainen, Leena, kirjoittaja.",Oikeuden jalopeura,978-951-31-6219-1,2011,736
84.2,"Lehtinen, Tuija.",Miss Sein√§ruusu,978-951-1-25511-6,2011,735
65.8,"Lipkowitz, Daniel.",LEGO ideakirja : rakenna mit√§ vain,978-951-0-38845-7,2012,735
84.2,"Sarkola, Ritva.",Katkerat muistot : j√§nnitysromaani,978-952-202-457-2,2013,734
84.2 D,"Adler-Olsen, Jussi.",Pullopostia,978-951-20-9279-6,2014,734
85.22,"Kunnas, Mauri.","Etusivun juttu, eli, Kuinka sanomalehti syntyy",978-951-1-11442-0,1990,733
84.2,"Kyt√∂m√§ki, Anni.",Kultarinta,978-951-20-9484-4,2014,731
84.2,"Kallioniemi, Tuula.",Aaveita ja avaruusolentoja,978-951-1-26326-5,2012,728
84.2,"Baker, Jo.",Longbournin talossa,978-951-31-7642-6,2014,728
85.22,"M√≠ler, Zdenk.",Myyr√§n auto,951-31-1712-X,1999,728
84.2,"Widmark, Martin.",Hotellin arvoitus,951-31-3030-4,2004,728
84.2,"Mina, Denise.",Valheiden varjo,978-952-01-1013-0,2014,727
77.4983,"Reynolds, David West.",Star wars : episodit I-VI : kuvitettu opas,978-951-0-33253-5,2007,726
84.2,"Parvela, Timo.",Ella ja Paterock,951-31-3130-0,2004,726
84.2,"Roberts, Nora.",Avaimet onneen,978-951-20-8809-6,2012,724
84.2,"Simukka, Salla.",Punainen kuin veri,978-951-31-7123-0,2013,724
3,Guinness world records 2011,Guinness world records 2011,978-951-32-2996-2,2010,724
84.2,"Connelly, Michael.",Luottamuksen hinta,978-951-20-9250-5,2013,723
84.2 J√ÑN,"Sten, Viveca.",Sis√§piiriss√§,978-951-0-39674-2,2013,721
84.2,"Sipil√§, Jarkko.",Muru,978-952-5918-24-3,2011,721
84.2,"Remes, Ilkka.",Yl√∂snousemus,978-951-0-39388-8,2012,719
84.2,"H√§rk√∂nen, Anna-Leena.",Onnen tunti,978-951-1-25272-6,2011,719
85.22,"Kunnas, Mauri.",Y√∂kirja eli mit√§ kaikkea tapahtuukaan y√∂ll√§,951-1-08044-X,1984,717
84.2,"Kes√§vuori, Saara.",Kuningas,978-951-31-7647-1,2014,716
85.22,"Nopola, Tiina.",Siiri ja hurja Hunskeli,978-951-31-3900-1,2008,715
85.22 KU,"Knutsson, G√∂sta.",Pekka T√∂p√∂h√§nt√§ Amerikassa,951-20-3981-8,1992,712
84.2,"Orkoma, Marja.",Puistotie 4,978-951-883-344-7,2012,710
85.22 KU,"Kunnas, Mauri.",Majatalon v√§ki ja kaappikellon kummitukset,951-1-14424-3,1996,710
84.2,"Kivel√§, Anneli.",Katajam√§ki yll√§ttyy,978-951-23-5386-6,2011,709
84.2,"Adler-Olsen, Jussi.",Mets√§st√§j√§t,978-951-20-8550-7,2013,709
84.2,"Larsson, √Ösa.",Uhrilahja,978-951-1-25369-3,2012,707
84.2 HELPPO,"Parvela, Timo.",Paten aikakirjat,978-951-31-7800-0,2014,706
84.2 D,"Jokinen, Seppo.",Vilpitt√∂m√§ss√§ mieless√§,951-23-4424-6,2003,706
84.2,"Edwardson, √Öke.",Talo maailman laidalla,978-952-01-0867-0,2013,705
85.22,"Knutsson, G√∂sta.",Pekka T√∂p√∂h√§nt√§ teatterissa,951-20-3982-6,2001,705
84.2 J√ÑN,"Sandberg, Timo.",Mustam√§ki : j√§nnitysromaani,978-951-23-5693-5,2013,705
84.2,"Utrio, Kaari.",Oppinut neiti,978-952-5330-41-0,2011,702
84.2,"Tuominen, Pirjo.",Tuonelan joutsen,978-951-31-6218-4,2011,702
84.2,"Ohlsson, Kristina.",Varjelijat,978-951-0-39692-6,2013,701
84.2,"Ohlsson, Kristina.",Paratiisiuhrit,978-951-0-39698-8,2014,700
84.2,"Grisham, John.",Puhallus,978-951-0-39778-7,2013,700
84.2 D,"Lehtolainen, Leena.",Henkivartija,978-951-31-4530-9,2009,700
84.2,"Bagge, Tapani.",Havannan kuu,978-952-289-135-8,2014,700
84.2,Arnaldur Indri√∞ason.,Mestaruusottelu,978-952-5410-77-8,2013,700
84.2,"Cussler, Clive.",Poseidonin nuoli,978-951-0-39667-4,2013,699
84.2,"Slaughter, Karin.",Rikollinen,978-951-31-7560-3,2014,698
84.2,"K√§hk√∂nen, Sirpa.",Graniittimies,978-951-1-28097-2,2014,697
85.22,"Knutsson, G√∂sta.",Pekka T√∂p√∂h√§nt√§ tivolissa,951-20-3975-3,1992,697
99.1,"Montonen, Pia Maria.",Valtakunnan mini√§ : Brita Kekkonen,978-951-0-40241-2,2014,694
85.22,"Kanto, Anneli.",Vilma Virtanen ja uimataito,978-951-23-5291-3,2011,694
84.2 NOV,"Kettu, Katja.",Piippuhylly : novelleja,978-951-0-39392-5,2013,694
84.2,"Kyr√∂, Tuomas.",Kerj√§l√§inen ja j√§nis,978-952-234-068-9,2011,693
84.2,"Roberts, Nora, kirjoittaja.",Varjojen ratsu,978-951-20-9627-5,2014,692
85.22,"Nopola, Tiina.",Siiri ja lumimies,978-951-31-6846-9,2012,691
84.2 H ,"Parvela, Timo.",Ella ja kaverit juhlatuulella,978-951-31-5719-7,2010,691
85.22,"Nopola, Tiina, kirjoittaja.",Siiri ja kamala possu,951-31-3417-2,2005,691
84.2,"Lehtinen, Lasse.",Hiiht√§v√§ hautaustoimisto : romaani,978-952-299-000-6,2013,690
84.2,"Munro, Alice.",Kallis el√§m√§ : kertomuksia,978-951-31-7271-8,2013,689
85.22 KU,"Knutsson, G√∂sta.",Pekka T√∂p√∂h√§nn√§n silakkaretki,951-20-3970-2,1992,688
84.2,"Pulkkinen, Riikka.",Vieras,978-951-1-25640-3,2012,686
85.22,"Kaarla, Riina.",T√§√§lt√§ tulee Pikku Myy : Muumipeikon talo,978-951-31-6995-4,2013,685
84.2 D,"Numminen, Juha.",Vaikenemisen hinta : rikosromaani,978-952-289-044-3,2013,684
84.2,"B√∂rjlind, Cilla.",Nousuvesi,978-951-52-3246-5,2013,684
17.3,"Kalaoja, Katri Helena.",Taivaan tie,978-951-1-28192-4,2014,683
85.22,"Bergstr√∂m, Gunilla.",Mikko Mallikas tulee iloiseksi,978-951-31-0395-8,1994,683
84.2 J√ÑN,"Vala, Vera.",Villa Sibyllan kirous,978-951-20-9645-9,2014,678
84.2,"Tegenfalk, Stefan.",Koston vanki,978-952-5637-87-8,2014,678
84.2,"Ragde, Anne B.",Aion tehd√§ sinut onnelliseksi,978-951-31-6608-3,2013,677
84.2 H,"Widmark, Martin.",Sahramin arvoitus,978-951-31-5233-8,2011,676
85.22,"Kunnas, Mauri.",Koiram√§en Martta ja Ruuneperi,951-1-20516-1,2005,673
84.2,"Luhtanen, Sari.",Kaikkea kaunista,978-951-31-6599-4,2012,671
84.2 J√ÑN,"Tuomola, Johanna.",Murhaaja vierell√§si : j√§nnitysromaani,978-952-202-425-1,2013,669
84.2,"Jalo, Merja.",Jesse kylpyl√§koira,978-951-0-39349-9,2013,667
85.22,"Cousins, Lucy.",Maisan kaupunkiloma,978-951-0-37744-4,2011,666
84.2,"Rowling, J. K.",Harry Potter ja Feeniksin kilta,978-951-31-2907-1,2004,664
85.22,"Marsoli, Lisa.",Lentsikat,978-951-32-3770-7,2013,664
84.2,"Steel, Danielle.",P√§iv√§ kerrallaan,978-951-0-38874-7,2012,663
85.22 KU,"Bergstr√∂m, Gunilla.",Mikko Mallikas menee kouluun,951-31-0893-7,1996,662
85.22,"Cousins, Lucy.",Maisa menee elokuviin,978-951-0-40349-5,2014,662
77.4983,,Hyv√§n ja pahan ikuinen taistelu : [2 tarinaa],978-951-0-39923-1,2013,662
84.2,"Sund, Erik Axl.",Unissakulkija,978-951-1-28216-7,2014,661
84.2 J√ÑN,"Lindell, Unni.",Sokerivalhe,978-951-0-39519-6,2013,661
84.2,"Kivel√§, Anneli.",Salaisuuksia Katajam√§ell√§,978-951-23-5241-8,2010,660
84.2,"Roberts, Nora.",Valkokankaan varjot,978-951-20-8411-1,2012,659
84.2,"Jansson, Anna.",Unissak√§velij√§,978-951-20-8262-9,2011,659
84.2,"McCall Smith, Alexander.",H√§√§huumaa lauantaina,978-951-1-26228-2,2013,659
84.2 HL,"Goodhart, Pippa.",Jojon syntym√§p√§iv√§,951-882-517-3,2005,657
85.22,"Nopola, Tiina.",Siiri ja sotkuinen Kerttu,978-951-31-3114-2,2004,657
85.22 KU,"Kunnas, Mauri.",Herra Hakkaraisen numerot,951-1-19740-1,2004,657
85.22,"Knutsson, G√∂sta.",Pekka T√∂p√∂h√§nn√§n laivaretki,951-20-3969-9,2000,657
84.2,"Lehtinen, Tuija.",Kolme miest√§ netiss√§,978-951-1-24573-5,2010,656
85.22,"Bagge, Tapani.",Kadonneen aarteen arvoitus,978-951-31-7607-5,2014,656
84.2,"Jungstedt, Mari.",Hiljaisuuden hinta,978-951-1-24514-8,2012,655
84.2,"Leino, Marko.",Saasta,978-951-851-556-5,2013,651
84.2 J√ÑN,"Hiekkapelto, Kati.",Kolibri,978-951-1-26732-4,2013,651
84.2 D,"Rosman, Ann.",Porto Francon vartija,978-952-279-015-6,2013,649
84.2 D,"Remes, Ilkka, kirjoittaja.",Horna,978-951-0-40702-8,2014,648
84.2,"Bradley, Alan.",Piiraan maku makea,978-952-279-051-4,2014,648
84.2,"Widmark, Martin.",Sirkuksen arvoitus,951-31-3031-2,2005,646
84.2,"H√§rk√∂nen, Anna-Leena.",Ei kiitos,978-951-1-22921-6,2008,646
85.22,"Harjanne, Maikki.",Minttu urheilee,978-951-1-25427-0,2012,645
85.22 KU,"Knutsson, G√∂sta.",Pekka T√∂p√∂h√§nt√§ k√§y koulua,951-20-3973-7,1992,641
84.2,"Koivisto, Jari.",Miina ja Manu sirkuksessa,978-951-866-865-0,2013,639
84.2,"Perttula, Pirkko-Liisa.",Kummitusperhe Kammoset koulutiell√§,978-951-1-25119-4,2011,639
85.22,"Nopola, Tiina.",Siiri ja yl√§kerran Onni,951-31-2816-4,2003,638
85.22,"Harjanne, Maikki.",Minttu ja mummo,978-951-1-24281-9,2010,638
84.2,"MacMahon, Kathleen.",N√§in se p√§√§ttyy,978-952-5637-97-7,2013,637
14.4,"Aron, Elaine N.",Erityisherkk√§ ihminen,978-952-240-214-1,2013,637
85.22,"Hill, Eric.",Puppe osaa laskea,951-1-16277-2,1999,637
84.2,"Kepler, Lars.",Tulitodistaja : rikosromaani,978-951-31-6651-9,2012,636
85.22,"Kaarla, Riina.",T√§√§lt√§ tulee Pikku Myy : villit vieraat,978-951-31-6265-8,2011,636
84.2 D,"Lehtolainen, Leena.",Minne tyt√∂t kadonneet,978-951-31-5625-1,2010,636
84.2,"Smith, Wilbur.",Noidankeh√§,978-951-1-27767-5,2013,636
85.22,"Bergstr√∂m, Gunilla.",Mikko Mallikas ja sisukas muurahainen,951-31-3555-1,2006,635
85.22,"Koskimies, Pirkko.",Pupu Tupuna lomalla,978-951-32-3369-3,2012,635
99.15,"Worth, Jennifer.","Hakekaa k√§til√∂!. 2, Kaupungin varjoissa /",978-951-1-27830-6,2014,634
84.2 D,"Johansson, J. K.",Laura,978-951-31-7005-9,2013,634
84.2,"Jokinen, Seppo.",Hukan enkelit,978-951-23-4229-7,2001,634
84.2 J√ÑN,"Crais, Robert.",Vartija,978-951-23-5574-7,2013,634
85.22,"Bergstr√∂m, Gunilla.",Mikko Mallikas punoo juonia,978-951-31-3843-1,2007,633
85.22,"Louhi, Kristiina.",Tompan uusi koti,978-951-31-6578-9,2012,633
85.22,"Kunnas, Mauri.",Ujo Elvis,951-1-18988-3,2003,630
84.2,"Russell, Rachel Ren√©e.","Nolo el√§m√§ni. 3, Olisinpa popt√§hti /",978-951-32-3527-7,2013,630
84.2 D,"Nesb√∏, Jo.",Kukkulan kuningas,978-951-0-34705-8,2009,629
84.2,"Widmark, Martin.",Kahvilan arvoitus,951-31-3032-0,2005,629
85.22,"Kanto, Anneli.",Perttu Virtanen ja kauhea kateus,978-951-23-5603-4,2012,628
85.22,"Harjanne, Maikki.",Minttu prinsessana,978-951-1-22235-4,2009,628
84.2,"Adler, Elizabeth.",Barcelonan katujen kuiske,978-951-20-9123-2,2013,627
84.2 D,"Mankell, Henning.",Savuna ilmaan,978-951-1-23943-7,2010,627
84.2,"Soininvaara, Taavi.",Ter√§sarkku,978-951-1-27646-3,2014,625
85.22,Moomin and the little ghost.,Muumi ja pikku aave,978-951-0-40196-5,2013,625
84.2 VI,,Lunttaava laiskiainen : 400 uutta koululaisvitsi√§,978-951-1-25543-7,2011,625
85.22,"Louhi, Kristiina.",Tomppa ja kummaa,978-951-31-4630-6,2009,624
84.2,"Paloheimo, Laura.",OMG,978-951-1-27373-8,2013,624
84.2,"Wallace, Karen.",Munavarkaita,978-951-883-285-3,2012,623
85.12 H,"Bradman, Tony.",Kanerva Keijun taikaloitsu,978-951-883-065-1,2010,622
84.2 D,"Nesser, H√•kan.",Herra Roosin tarina : rikosromaani,978-951-31-7110-0,2013,621
85.22,"Hill, Eric.",Puppe sirkuksessa,951-1-09034-8,1987,621
85.22,"Kunnas, Mauri.","Riku, Roope ja Ringo : v√§rik√§s p√§iv√§",978-951-1-25803-2,2012,618
85.22,"Cousins, Lucy.",Maisa menee y√∂kyl√§√§n,978-951-0-38994-2,2012,618
84.2,"Gardell, Jonas.","√Ñl√§ koskaan pyyhi kyyneleit√§ paljain k√§sin. 2, Sairaus /",978-951-0-40286-3,2014,618
84.2,"Hammer, Lotte.",Yksin√§isten syd√§nten kerho,978-952-279-060-6,2013,618
85.22,"Wallace, Karen.",Kiilt√§v√§t johtolangat,978-951-883-270-9,2011,617
85.22,"Huovi, Hannele.","Urpo, Turpo ja hirve√§ Irvisaurus",978-951-31-7143-8,2013,615
85.22,"Cousins, Lucy.",Maisa opettelee uimaan,978-951-0-39779-4,2012,615
84.2,"James, Peter.",Kuolema kulkee kulisseissa,978-952-492-841-0,2014,615
84.2 Huumori,,Hai haarukassa,978-951-1-23791-4,2009,615
84.2,"Malvaldi, Marco.",Viiden korttipeli,978-951-31-7100-1,2014,615
85.22,"Havukainen, Aino.",Veera l√§√§k√§riss√§,978-951-1-26046-2,2012,615
84.2,"Boyd, Hilary.",Torstaisin puistossa,978-951-23-5619-5,2013,613
85.22,"Kunnas, Mauri.",Herra Hakkaraisen aakkoset,951-1-17427-4,2001,612
84.2,"Arhippa, Pirkko.",Polku pime√§√§n : j√§nnitysromaani,978-951-883-277-8,2011,612
85.22 KU,"Kanto, Anneli.",Kastehelmi Virtanen ja oma tahto,978-951-23-5536-5,2012,612
84.2,"M√§ki, Reijo.",Mustasiipi,978-951-1-25495-9,2011,611
62.51,"Steffensmeier, Alexander.",Suuret ajoneuvot,978-952-288-002-4,2013,611
84.2,"Sir√©n, Esa.",Kentt√§vartio Joki,978-951-20-9316-8,2013,611
84.2 Huumori,,Torakka t√§htisateessa,978-951-1-24371-7,2010,610
84.2,"Kallioniemi, Tuula.",Salapoliisi Konsta,978-951-1-22449-5,2008,610
84.2,"Sarasp√§√§, Seppo.",Ministerivierailu,978-951-23-5778-9,2014,610
84.2 D,"Pakkanen, Outi.",Seuralainen,978-951-1-24571-1,2010,609
85.22,"Koivisto, Jari.",Salaper√§inen lent√§j√§,978-951-866-802-5,2011,609
84.2 D,"Pakkanen, Outi.",Muistivirhe,978-951-1-23844-7,2009,609
84.2,"H√§meen-Anttila, Virpi.",Tapetinv√§rinen : toisten muistelmia,978-951-1-26448-4,2012,608
84.2,"Ravilo, Hilkka.",Terhi : romaani el√§m√§st√§ ja rikoksesta,978-952-202-443-5,2013,608
84.2,"Higgins, Jack.",Paholainen ottaa omansa,978-951-20-9280-2,2013,607
84.2,"Kallioniemi, Tuula.","Konsta, talenttit√§hti",978-951-1-25225-2,2011,607
85.22 KU,"Jennings, Sharon, kirjoittaja.",Franklin saa vieraan,978-951-31-4160-8,2008,607
84.2 H ,"Perttula, Pirkko-Liisa.",Kummitusperhe Kammoset ja kev√§tt√§ kylkiluissa,978-951-1-23723-5,2009,606
85.22,Moomin and the new friend.,Muumi ja uusi yst√§v√§,978-951-0-39437-3,2012,604
84.2,"Raittila, Hannu.",Terminaali : romaani,978-952-234-174-7,2013,603
85.22,"Wolde, Gunilla.",Sanna menee p√§iv√§kotiin,951-31-0904-6,1996,602
85.32,"Neel, Julien.",P√§iv√§kirjael√§m√§√§,978-951-20-8461-6,2011,602
84.2,"Simukka, Salla.",Valkea kuin lumi,978-951-31-7124-7,2013,602
84.2,"Atkinson, Kate.",El√§m√§ el√§m√§lt√§,978-951-52-3358-5,2014,601
84.2,"Kes√§vuori, Saara.",Saarroksissa,978-951-31-6852-0,2012,600
84.2,"Gerritsen, Tess.",Eloonj√§√§nyt,978-951-1-26784-3,2012,600
84.2,"Clark, Mary Higgins, kirjoittaja.",Yksin vain,978-951-31-6116-3,2012,599
84.2,"Johansson, J. K.",Noora,978-951-31-7624-2,2014,599
85.22 KU,"Wolde, Gunilla.",Sanna ja p√∂lynimuri,951-30-3353-8,1975,598
84.2,"Ollikainen, Milla.",Veripailakat,978-952-01-0935-6,2013,597
84.2 H ,"Perttula, Pirkko-Liisa.",Kummitusperhe Kammoset kes√§laitumilla,978-951-1-24224-6,2010,597
85.22,"Wallace, Karen.",J√§ljet lumessa,978-951-883-271-6,2011,596
Huumori,,Hamsterin hymypatsas,978-951-1-27408-7,2013,596
84.2 D,"L√§ckberg, Camilla.",Perillinen,978-951-50-1990-5,2010,595
84.2,"Oranen, Raija.",Kaiken takana Kekkonen,978-951-851-506-0,2013,594
85.22 KU,"Knutsson, G√∂sta.",Pekka T√∂p√∂h√§nt√§ suksilla,951-20-3971-0,1992,594
84.2,"Vala, Vera.",Kosto ikuisessa kaupungissa,978-951-20-9296-3,2013,594
84.2,"Kallioniemi, Tuula.",Pusuja ja pulmia : Reuhurinteen ala-aste,951-1-15381-1,1998,593
84.2 D,"Peura, Nina.",Y√∂pakkasia,978-951-883-532-8,2014,593
84.2,"Alsterdal, Tove.",Haudattu hiljaisuudessa,978-951-20-9106-5,2013,593
84.2,"Connelly, Michael.",Musta laatikko,978-951-20-9631-2,2014,593
84.2 H,"Mayfield, Sue.",Ollaan kavereita,978-951-883-518-2,2013,591
84.2 H,"Dale, Elizabeth.",Samun salainen yst√§v√§,978-951-883-517-5,2013,591
85.22 Selkokirja,"Puranen, Tuula.",Miina ja Manu kirjastossa,978-951-866-862-9,2014,591
84.2,"Jokinen, Seppo.",Piripolkka,951-23-4320-7,2002,588
85.22,"Harjanne, Maikki.",Minttu ja paras yst√§v√§,978-951-1-26890-1,2013,588
85.22 KU,"Bergstr√∂m, Gunilla.",Mikko Mallikas panee t√∂pin√§ksi,978-951-31-0894-6,1996,587
85.22,"Hill, Eric, kirjoittaja, taiteilija.",Puppe ja yll√§tyslahja,978-951-1-24199-7,2010,586
84.2,"R√∂nk√§, Matti.",V√§√§r√§n maan vainaja,978-951-20-8584-2,2011,584
84.2,"Widmark, Martin.",Timanttien arvoitus,951-31-3029-0,2004,584
84.2,"Kallio, Katja.",S√§ken√∂iv√§t hetket,978-951-1-26402-6,2013,584
85.22,"Marsoli, Lisa.",Frozen : huurteinen seikkailu,978-951-32-3868-1,2013,584
84.2 H ,"Widmark, Martin.",Junan arvoitus,978-951-31-4118-9,2009,583
84.2,"Tuomainen, Antti.",Synkk√§ niin kuin syd√§meni,978-952-01-0841-0,2013,582
84.2,"Kivel√§, Anneli.",Katajam√§ell√§ kuohuu,978-951-23-5080-3,2009,581
85.22 KU,"Bergstr√∂m, Gunilla.",Mikko Mallikas ihmettelee,951-31-2536-X,2002,581
84.2,"Orkoma, Marja.",Villiruusu 6,978-951-883-217-4,2011,581
84.2,"Simsion, Graeme.",Vaimotesti,978-951-1-27296-0,2013,581
84.2,"Simukka, Salla.",Musta kuin eebenpuu,978-951-31-7629-7,2014,579
85.22,"Hill, Eric.","Hyv√§√§ y√∂t√§, Puppe",978-951-1-23642-9,2009,579
85.22,"Kunnas, Mauri.",Seitsem√§n t√§ti√§ ja aarre,951-1-19739-8,2004,578
84.2,"Kivel√§, Anneli.",Onnenkauppaa Katajam√§ell√§,978-951-23-4893-0,2007,578
85.22,"Kanto, Anneli.",Paavo Virtanen ja pimeys,978-951-23-5777-2,2014,577
84.2,"Pulkkinen, Riikka.",Totta,978-951-1-22965-0,2010,577
84.2,"Nyk√§nen, Harri.",Susiraja,978-952-5918-92-2,2012,576
84.2,"James, Peter.",Kuoleman koura on kylm√§,978-952-492-775-8,2013,576
84.2 HL,"French, Vivian.",Tuomo Tipun uudet keng√§t,951-882-519-X,2005,576
84.2,"Rissanen, Pirjo.",Muistot,978-951-20-8127-1,2010,576
85.22,"Koivisto, Jari.",Miina ja Manu Ahdin valtakunnassa,978-951-866-829-2,2012,576
85.22,"Nordqvist, Sven.",Viiru ja Kososen kukko,951-31-0861-9,1996,576
84.2,"Kaunisto, Milja.",Kalmantanssi,978-951-20-9473-8,2014,575
85.22,"Knutsson, G√∂sta.",Pekka T√∂p√∂h√§nn√§n yst√§v√§,951-20-3977-X,2000,574
85.22,"Koivisto, Jari.",Miina ja Manu y√∂kyl√§ss√§,978-951-866-878-0,2014,574
84.2,"Keyes, Marian.",Mercy Closen mysteeri,978-951-31-7107-0,2013,573
85.22 KU,"Bergstr√∂m, Gunilla.",Mikko Mallikas on oikukas,978-951-31-1010-9,1997,572
85.22 KU,"Harjanne, Maikki.",Minttu saa oman koiran,978-951-1-21800-5,2007,572
84.2,"Liksom, Rosa.",V√§liaikainen,978-952-01-1096-3,2014,571
85.22,"Appelgren, Tove.",Vesta-Linnea kuunvalossa,978-951-31-7339-5,2013,570
85.22 KU,"Hapka, Catherine.",Sofia ensimm√§inen,978-951-32-3752-3,2013,570
84.2,"Rissanen, Pirjo.",√Ñitienp√§iv√§,978-951-20-8479-1,2011,568
84.2,"Russell, Rachel Ren√©e.","Nolo el√§m√§ni. 2, Olisinpa bilehile /",978-951-32-3528-4,2012,568
,"Steel, Danielle.",Lurjus,978-951-0-37778-9,2011,567
84.2,"Gardell, Jonas.","√Ñl√§ koskaan pyyhi kyyneleit√§ paljain k√§sin. 1, Rakkaus /",978-951-0-39777-0,2013,567
84.2,"Jungstedt, Mari.",Kev√§√§n kalpeudessa,978-951-1-24513-1,2011,566
84.2,"Wallace, Karen.",Kadonneet kissanpennut,978-951-883-284-6,2012,565
85.22,"Hill, Eric.",Miss√§ Puppe piileksii?,978-951-1-24198-0,2009,565
85.22,"Koivisto, Jari.",Miina ja Manu reissussa,978-951-866-851-3,2013,565
84.2,"Luhtanen, Sari.",Tuulin viem√§√§,978-951-31-6033-3,2011,564
85.22,"Wolde, Gunilla.",Sanna l√§√§k√§riss√§,951-30-3926-9,1977,562
84.2 D,"Brown, Sandra.",Kova luu,978-951-31-6654-0,2012,562
84.2,"Vaahtera, Veera.","Rakkautta, vahingossa",978-951-31-7134-6,2013,562
85.22,"Cousins, Lucy.",Maisa l√§htee lomalle,978-951-0-36285-3,2010,562
84.2,"Utrio, Kaari.",Vaitelias perillinen,978-951-31-4800-3,2009,561
84.2,"Sinisalo, Johanna.",Auringon ydin,978-951-851-552-7,2013,561
85.22,"Kunnas, Mauri.",Puhveli-Billin l√§nnensirkus,951-1-15532-6,1998,559
23.31,"Alexander, Eben.",Totuus taivaasta : tiedemiehen silmi√§ avaava kuolemanrajakokemus,978-951-0-40067-8,2013,559
84.2,"H√§rk√∂nen, Anna-Leena.",Laskeva neitsyt ja muita kirjoituksia,978-951-1-26123-0,2012,559
84.2,"Parvela, Timo.",Ella ja Pate,951-31-1632-8,1999,558
84.2,"Krefeld, Michael Katz.",Langenneet,978-952-01-1044-4,2014,555
85.22,"Cousins, Lucy.",Maisa k√§y kirjastossa,978-951-0-30322-1,2005,554
84.2,"Ahrnstedt, Simona.",Unelmia & yll√§tyksi√§,978-951-23-5569-3,2013,553
84.2 D,"Arhippa, Pirkko.",Kipunuora : j√§nnitysromaani,978-951-883-138-2,2010,552
84.2,"Russell, Rachel Ren√©e.","Nolo el√§m√§ni. 1, Olisinpa suosittu /",978-951-32-3502-4,2012,552
L85.22,"Havukainen, Aino.",Veera ja menopelit,978-951-1-26728-7,2012,551
84.2,"Isokallio, Kalle.",Aunen ketjureaktio,978-951-31-7426-2,2013,551
85.22,"Bergstr√∂m, Gunilla.","Pelkki√§ solmuja, Mikko Mallikas",978-951-31-3844-8,2007,551
84.2,"Blake, Sarah.",Jos saat t√§m√§n kirjeen,978-952-5637-83-0,2013,550
84.2,"Perttula, Pirkko-Liisa.",Kummitusperhe Kammoset,978-951-1-22868-4,2008,548
84.2,"Mustonen, Enni.",Morsiuskes√§,978-951-1-23839-3,2009,547
84.2 Scifi,"Collins, Suzanne.",N√§lk√§peli. Matkijan√§rhi /,978-951-0-35830-6,2010,547
85.22,"Jennings, Sharon.",Franklin haluaa olla iso,978-951-31-5339-7,2011,547
84.2,"Kelly, Cathy.",Yksin ja yhdess√§,978-951-20-8805-8,2012,547
84.2,"Jalo, Merja.",Jesse pentukoira,978-951-0-35899-3,2010,546
84.2,"Rankin, Ian.",Turvaa vailla,978-952-5410-76-1,2013,546
84.2,"Child, Lee.",Ep√§ilty,978-951-23-5542-6,2012,546
84.2,"Hiidensalo, Venla.",Karhunpes√§,978-951-1-27251-9,2014,545
84.2,"Kelly, Cathy.",Uusia alkuja,978-951-20-8957-4,2013,545
84.2,"Lehtolainen, Leena.",Viimeinen kes√§y√∂ ja muita kertomuksia,951-31-3709-0,2006,545
85.22,"Bagge, Tapani.",Rohkea pikku auto,978-951-31-7106-3,2013,545
84.2,"Green, John.",T√§htiin kirjoitettu virhe,978-951-0-39499-1,2013,545
84.2,"Jokinen, Seppo.",Koskinen ja kreikkalainen kolmio,951-23-4089-5,2000,545
84.2,"Theorin, Johan.",Sankta Psykon kasvatit,978-951-31-7322-7,2013,543
85.32,,Bart Simpson : parhaat 2013,978-952-220-662-6,2013,542
84.2,"Kuivaniemi, Mirja.",Siantappajat,978-951-31-7639-6,2014,542
85.22,"Harjanne, Maikki.",Minttu morsiusneitona,978-951-1-24734-0,2011,542
85.22,"M√≠ler, Zdenk.",Myyr√§n housut,9789513116972,2001,541
84.2,"Saniee, Parinoush.",Kohtalon kirja,978-951-31-7587-0,2014,541
J√§nnitys,"Ropponen, Markku, kirjoittaja.",Kuhala & y√∂juna,978-951-31-6598-7,2012,540
84.2,"Cleeves, Ann.",Kuolemanhiljaisuus,978-951-23-5676-8,2013,540
85.22,"Korolainen, Tuula.",Muumien v√§rik√§s p√§iv√§,978-951-31-5973-3,2011,540
85.22,"Bergstr√∂m, Gunilla.",Mikko Mallikas ja Mulperi,978-951-31-2747-3,2003,539
84.2,"Barreau, Nicolas.",Pieni elokuvateatteri Pariisissa,978-951-31-7794-2,2014,539
84.2 J√ÑN,"Bauer, Belinda.",Kadonneet lapset,978-951-23-5620-1,2013,539
84.2,"Lehtolainen, Leena.",V√§√§r√§n j√§ljill√§,978-951-31-4288-9,2008,538
84.2,"Havaste, Paula.",Tuulen vihat,978-951-20-9718-0,2014,538
84.2,"Tuominen, Pirjo.",Alakuloinen romanssi,951-31-3710-4,2006,537
84.2,"Jonasson, Jonas.",Satavuotias joka karkasi ikkunasta ja katosi,978-951-0-37010-0,2011,537
84.2,"Moyes, Jojo.","Ole niin kiltti, √§l√§ rakasta h√§nt√§",978-951-20-9290-1,2014,537
84.2,,Vilustunut lumiukko : 400 uutta koululaisvitsi√§,978-951-1-26479-8,2012,537
84.2 J√ÑN,"Sarkola, Ritva.",Paratiisik√§√§rme : j√§nnitysromaani,978-952-202-416-9,2013,537
85.22,"M√≠ler, Zdenk.",Myyr√§ ja sateenvarjo,978-951-31-3340-5(sid.),2005,536
84.2,"Havaste, Paula.",Kolme k√§sky√§,978-951-20-9166-9,2013,534
84.2 J√ÑN,"Cussler, Clive.",Paholaisen portti,978-951-0-39517-2,2013,533
84.2,"Franz√©n, Peter.",Tumman veden p√§√§ll√§,978-951-31-5404-2,2010,533
84.2,,√Ñl√§ lue pime√§ss√§ : 210 karmivaa tarinaa,978-951-1-25132-3,2011,532
85.22,"Korolainen, Tuula.",Kissa Killin kiukkupussi,978-951-31-3896-7,2007,532
84.2 D,"Nesb√∏, Jo.",Torakat,978-951-0-34900-7,2009,531
84.2 D,"Sipil√§, Jarkko.",Katumurha,978-951-20-8335-0,2010,529
84.2,"Widmark, Martin.",Elokuvateatterin arvoitus,978-951-31-4036-6,2007,529
84.2,"Orkoma, Marja.",Unikkopolku 21,978-951-883-080-4,2010,529
84.2,"Lindgren, Astrid.","Veljeni, Leijonamieli",951-0-06396-7,1974,528
84.2,"Roberts, Nora.",Unelmien aika,978-951-20-7859-2,2009,528
84.2,"Raevaara, Tiina.",Laukaisu,978-952-299-017-4,2014,528
84.2,"Roberts, Nora.",Unelmien voima,978-951-20-7860-8,2009,527
84.2 D,"Manner, Max.",R√§synukke,978-952-289-045-0,2013,527
84.2,"Noble, Elizabeth.",Yhdess√§ j√§lleen,978-951-23-5462-7,2013,525
84.2,"Adler-Olsen, Jussi.",Vanki,978-951-20-8754-9,2012,525
84.2,"Jalo, Merja.",Jesse p√§√§si√§iskoira,978-951-0-40103-3,2014,525
84.2 H,"Hulkko, Johanna.",Geoetsiv√§t ja vaeltava aave,978-951-23-5709-3,2013,525
84.2,"Vilkkumaa, Maija.",Nainen katolla,978-952-67680-3-8,2013,525
84.2,"Hulkko, Johanna.",Geoetsiv√§t ja rahak√§√§r√∂n arvoitus,978-951-23-5583-9,2013,524
84.2,"Kivel√§, Anneli.",Uusia tuulia Katajam√§ell√§,978-951-23-4950-0,2008,524
84.2,"H√§m√§l√§inen, Karo.",Ilta on julma : tragedia,978-951-0-40135-4,2013,523
84.2 D,"Nesb√∏, Jo.",Panssarisyd√§n,978-951-0-36254-9,2010,523
84.2,"Marklund, Liza.",Panttivanki,978-951-1-25911-4,2011,523
84.2,"Widmark, Martin.",Muumion arvoitus,951-31-3694-9,2006,522
L84.2,"Moomin and the moonlight adventure, suomi",Muumin kuutamoseikkailu,978-951-0-37128-2,2010,522
84.2 D,"L√§ckberg, Camilla.",Pahanilmanlintu,978-951-50-1856-4,2009,522
84.2,"Kivel√§, Anneli.",Kotiin Katajam√§elle,978-951-23-4840-4,2007,522
85.22,"Kanto, Anneli.",Paavo Virtanen ja tytt√∂jen tavarat,978-951-23-5431-3,2011,521
84.2,"Widmark, Martin.",Sanomalehden arvoitus,978-951-31-3911-7,2008,521
84.2,"Hietamies, Eve.",Tarhap√§iv√§,978-951-1-25928-2,2012,521
L85.12,"Koivisto, Jari.",Miina ja Manu : talvirieha,978-951-866-830-8,2012,521
84.2,"Kinney, Jeff.","Neropatin p√§iv√§kirja. [7], Kolmas py√∂r√§ /",978-951-0-40697-7,2014,521
84.2 D,"Ukkonen, Jyrki.",Ahneuden kartta,978-951-20-9485-1,2014,520
85.22,"Kunnas, Mauri.","Riku, Roope ja Ringo lent√§v√§t kuuhun",978-951-1-25807-0,2013,520
84.2,"Widmark, Martin.",Kullan arvoitus,951-31-3763-5,2006,520
3,Guinness world records 2010,Guinness world records 2010,978-951-32-2698-5,2009,519
84.2,"Holt, Anne.",Kuoleman tahdissa,978-951-20-8542-2,2011,519
84.2,"Lupton, Rosamund.",Mit√§ j√§ljelle j√§√§,978-951-20-8674-0,2013,519
84.2,"Mustonen, Enni.",Parittomat,978-951-1-23023-6,2008,518
84.2,"Kanto, Anneli.",FC Tytsyt,978-951-23-5290-6,2010,518
84.2,"Lipasti, Roope.",Perunkirjoitus,978-951-796-940-6,2013,517
85.12 H,"Agnew, Kate.",Dinosaurusp√§iv√§,978-951-883-135-1,2010,517
85.22,"Koivisto, Jari.",Miina ja Manu reporttereina,978-951-866-820-9,2012,517
85.22,"Louhi, Kristiina.",Aino ja Pakkasen Poika,951-30-9415-4,1990,516
84.2,"James, P. D.",Syystanssiaiset,978-951-1-26352-4,2012,516
85.22,"Wolde, Gunilla.",Teemu kylpee,951-30-9066-3,1989,516
85.22,"Hill, Eric.",Puppe mummolassa,951-1-14401-4,1996,516
84.2,"Luther, Annika.",Opettajainhuone : [romaani],978-951-851-557-2,2013,516
85.22,"Kaarla, Riina.",Muumipeikko lent√§√§ : luukkukirja!,978-951-31-7117-9,2013,516
84.2,"Ruiz Zaf√≥n, Carlos.",Marina,978-951-1-26475-0,2013,515
84.2 D,"Jokinen, Seppo.",Koskinen ja pudotuspeli : rikosromaani,951-23-4832-2,2006,515
84.2 H ,"Kallioniemi, Tuula.",Konsta syd√§men asialla,978-951-1-24307-6,2010,515
84.2,"Sahlberg, Asko.",Herodes : romaani,978-951-0-39546-2,2013,515
84.2,"Cookson, Catherine.",Kartanon portit,978-951-20-8954-3,2012,515
84.2,"Clark, Mary Higgins.",Perinn√∂n varjo,978-951-31-5892-7,2011,514
99.13,,Wahlroos : ep√§virallinen el√§m√§kerta,978-952-264-243-1,2013,514
84.2,"Bradman, Tony.",Kanerva ja Rolle,951-882-635-8,2006,514
85.22,"Rekola, Teija.",Eetu ja ruma Rusina,978-951-0-39558-5,2013,513
84.2,"Robinson, Peter.",Paholaisen yst√§v√§,978-952-5410-74-7,2013,513
84.2,"Gutman, Dan.",Kaistap√§ist√§ kemiaa,978-951-32-3768-4,2013,512
84.2,"Juhani, Risto.",Ei tikkua ristiin,978-952-01-0576-1,2012,512
85.22,,Siniset sankarit,978-951-1-26063-9,2012,512
85.2,"Wolde, Gunilla.",Teemu on pieni,951-30-9068-X,1989,512
85.12 H,"Doyle, Malachy.",Jalkapalloaaveet,978-951-882-942-6,2009,511
84.2,"Lehtolainen, Leena.",Luonas en ollutkaan,978-951-31-3861-5,2007,510
85.32,"Neel, Julien.",Kes√§blues,978-951-20-8637-5,2011,510
84.2 D,"Tegenfalk, Stefan.",Vihan aika,978-952-5637-86-1,2013,510
85.32,,Simpsonit : parhaat 2013,978-952-220-661-9,2013,508
85.22,"Koskimies, Pirkko.",Pupu Tupunan leikkim√∂kki,978-951-32-2993-1,2010,508
84.2,"Kallioniemi, Tuula.",Konsta leirikoulussa,978-951-1-26490-3,2012,507
84.2,"Klaussmann, Liza.",Punaisen s√§√§n tiikerit,978-951-0-39681-0,2013,507
84.2,"Oranen, Raija.",Aurora,978-951-851-577-0,2014,507
67.41,"Niemel√§, Reetta.",Tikkum√§en talli,978-951-1-24909-2,2011,507
84.2 HELP,"Kallioniemi, Tuula.",Konsta ja n√§kym√§t√∂n Niklas,978-951-1-21935-4,2007,507
85.22,Brave.,Urhea,978-951-32-3476-8,2012,507
85.22,"Dale, Penny.",Dinojen pelastuspartio,978-951-883-543-4,2014,506
84.2,"Jalo, Merja.",Jesse etsij√§koira,978-951-0-39348-2,2013,506
84.2,"Green, Jane.",Vuosi maalla,978-951-23-5461-0,2012,505
65.8,"Klang, Joachim.",Rakenna oma kaupunki : suuri Lego-palikkakirja,978-952-220-701-2,2013,505
85.22,"Kunnas, Mauri.",Koiram√§en talvi,951-1-10221-4,1988,505
84.2,"Roberts, Nora.",Jotain uutta,978-951-20-8134-9,2010,505
84.2,"Webb, Holly.",Misu tahtoo yst√§v√§n,978-951-23-5743-7,2014,504
84.2,"Ivey, Eowyn.",Lumilapsi,978-952-279-059-0,2013,503
84.2,"Nopola, Sinikka.","Hein√§hattu, Vilttitossu ja kielletty kampela",951-31-3412-1,2005,503
85.32,"Rosa, Don.","Roope Ankan el√§m√§ ja teot. 2, [Kaikki lis√§seikkailut] /",978-951-32-2313-7,2007,503
84.2,"Heino, Marja-Liisa.",Astuit v√§√§r√§√§n autoon,978-951-0-39588-2,2013,502
84.2 J√ÑN,"Wennstam, Katarina.",Alfauros : j√§nnitysromaani,978-951-1-26730-0,2013,501
85.22,"Louhi, Kristiina.",Ainon √§iti on vihainen,951-30-9416-2,1990,501
84.2 D,"R√∂nnbacka, Christian.",Julma,978-952-279-062-0,2013,501
85.22,"Hill, Eric.",Puppe menee juhliin,951-1-12330-0,1992,501
85.22,"Kunnas, Mauri.",Koiram√§en talossa,951-1-05857-6,1980,500
85.12 H,"Impey, Rose.",Piraatti-Pete ja aarrekartta,978-951-883-091-0,2010,500
84.2 H,"Pilkey, Dav, kirjoittaja.",Kapteeni Kalsari ja Hippi Helihousun hirvitt√§v√§ paluu,978-951-31-7754-6,2014,500
3,Strikingly true.,Usko tai √§l√§! : 2014,978-952-220-711-1,2013,499
84.2,"Matintupa, Tuula T.",Laululintu : j√§nnitysromaani,978-951-883-488-8,2013,499
84.2,"Sandberg, Timo.",Vainooja : rikosromaani,978-951-23-5537-2,2012,499
99.1,"Yousafzai, Malala.","Min√§ olen Malala : koulutytt√∂, jonka Taliban yritti vaientaa",978-951-31-7644-0,2014,498
84.2,"Harris, Joanne.",Persikoiden aikaan,978-951-1-26932-8,2013,497
84.2,"Kepler, Lars.",Paganini ja paholainen : rikosromaani,978-951-31-5496-7,2011,497
84.2 D,"Katajam√§ki, Unto.",Viides vieras : j√§nnitysromaani,978-951-883-530-4,2013,497
84.2,"Dillon, Lucy.",Uuden onnen j√§ljill√§,978-951-20-8657-3,2013,496
84.2,"Binchy, Maeve.",Koko kadun kasvatti,978-951-0-38028-4,2011,496
84.2,"Tuominen, Pirjo.",Kotiopettaja,978-951-31-4287-2,2008,495
85.22,"Koskimies, Pirkko.",Pupu Tupuna neuvolassa,978-951-32-3478-2,2012,495
84.2,"Nopola, Sinikka.","Hein√§hattu, Vilttitossu ja tanssiva konstaapeli",951-31-2818-0,2003,495
85.22 KU,"Tison, Annette.",Barbapapa,951-1-07044-4,1990,494
85.22,"Hill, Eric.",Mit√§ Puppe n√§kee?,978-951-1-26480-4,2012,494
84.2 - Kauhu,"Stine, R. L.",Nukkeni mun,978-951-0-34437-8,2008,493
85.22,"Wolde, Gunilla.",Sanna ja pikkuveli,951-31-2384-7,2002,492
85.22,"Koivisto, Jari.",Miina ja Manu kaupungin kes√§ss√§,978-951-866-761-5,2009,492
84.2,"H√§meen-Anttila, Virpi, kirjoittaja.",Railo : romaani,978-951-1-25510-9,2011,492
85.12,"Kurenniemi, Marjatta.",Onnelin ja Annelin talo,978-951-0-40444-7,2013,492
84.2,"Vuori, Kristiina.",N√§kij√§n tyt√§r,978-951-31-6771-4,2012,491
85.22,"Forde, Patricia.",Siilit eiv√§t pid√§ korkeista paikoista,978-951-883-272-3,2011,490
85.22,"Koskimies, Pirkko.",Pupu Tupuna leikkipuistossa,978-951-32-2681-7,2009,489
85.22 KU,"Knutsson, G√∂sta.",Pekka T√∂p√∂h√§nt√§ K√∂√∂penhaminassa,951-20-3983-4,1992,489
85.32,,Simpsonit : parhaat 2012,978-952-220-477-6,2012,489
84.2 HELPPO,"Kallioniemi, Tuula.",Karoliina ja oikukas uni,978-951-1-27894-8,2014,488
84.2 D,"Joensuu, Matti Yrj√§n√§.",Harjunp√§√§ ja rautahuone,978-951-1-24742-5,2010,488
84.2,"Rooney, Anne.",Ihan likainen!,978-951-883-202-0,2011,488
84.2,"Fielding, Joy.",Henke√§salpaava,978-951-0-38705-4,2012,488
85.22,"Jansson, Tove.",Kuka lohduttaisi Nyyti√§?,951-0-08288-0,1979,488
84.2,"Kallioniemi, Tuula.",Reuhurinne. 1 /,978-951-1-22372-6,2008,488
58.13,Snakes and reptiles.,K√§√§rmeet ja liskot,978-952-492-780-2,2013,488
84.2,"Nousiainen, Miika.",Mets√§j√§tti,978-951-1-25534-5,2011,487
84.2,"Halverson, Ser√© Prince.",√Ñidinrakkaus,978-952-5637-88-5,2014,487
84.2,"K√§hk√∂nen, Sirpa.",Hietakehto : romaani,978-951-1-26320-3,2012,487
84.2,"Dicker, Jo√´l.",Totuus Harry Quebertin tapauksesta,978-951-31-7305-0,2014,486
84.2,"Benton, Jim.","Rakas nuija p√§iv√§kirjani, t√§√§ll√§ taas. 2, Hyv√§t tavat √§rsytt√§v√§t /",978-951-32-3668-7,2013,486
84.2,"Hayden, Torey.",Viattomat,978-951-1-26021-9,2012,486
84.2,"Piekkari, Eija.",Kaislikon k√§tk√∂ss√§ : j√§nnitysromaani,978-952-202-460-2,2013,486
85.32,Bart Simpson.,Bart Simpson : iso kiho!,978-952-220-743-2,2013,486
85.32,,Bart Simpson : parhaat 2012,978-952-220-478-3,2012,486
85.22,"Louhi, Kristiina.",Ainon kanssa,951-30-9412-X,1990,485
84.2,"Parvela, Timo.",Ella ja kirist√§j√§,951-31-0623-3,1995,485
84.2 H,"Lukkarila, P√§ivi.",Venla ratsastusleirill√§,978-951-23-5707-9,2013,484
84.2,"Parvela, Timo.",Ella luokkaretkell√§,951-31-1063-X,1997,484
85.22 KU,"Hill, Eric.",Puppe y√∂kyl√§ss√§,951-1-11436-0,1990,484
84.2,"Bradman, Tony.",Muumioiden yll√§tysjuhlat,951-882-477-0,2005,483
85.22,Moomin and the winter snow.,Muumi ja ensilumi,978-951-0-38603-3,2011,483
84.2,"Gutman, Dan.",Metkat matkaajat,978-951-32-3775-2,2013,482
99.16,"Ollila, Jorma.",Mahdoton menestys : kasvun paikkana Nokia,978-951-1-18117-0,2013,482
84.2,"Hotakainen, Kari.",Ihmisen osa,978-952-234-021-4,2009,482
84.2,"Kinsella, Sophie.","Soitellaan, soitellaan!",978-951-0-38866-2,2012,482
85.22,"Cousins, Lucy.",Maisa menee p√§iv√§kotiin,978-951-0-35049-2,2009,482
84.2,"Stedman, M. L.",Valo valtameren yll√§,978-951-23-5621-8,2013,481
84.2,"Kallentoft, Mons.",Viides vuodenaika,978-951-0-39670-4,2014,481
84.2,"Stine, R. L.",Ihmissusien y√∂,978-951-32-3107-1,2011,481
85.22,"Nopola, Tiina.",Siiri ja kolme Ottoa,951-31-1874-6,2002,481
85.22,,Tuhatta ja sataa.,978-951-32-3791-2,2013,481
84.2,"Noronen, Paula.",Supermarsu tekee maalin,978-951-20-9196-6,2013,481
85.22,"Moran, Paul.",Miss√§ mangusti luuraa?,978-951-20-8974-1,2012,480
84.2,"Erikson, Thomas.",Pelonkylv√§j√§t,978-952-492-846-5,2014,480
58,Sharks & other creatures of the deep.,Hait ja muut syvyyksien pedot,978-952-492-695-9,2012,480
85.22 KU,"Knutsson, G√∂sta.",Pekka T√∂p√∂h√§nt√§ ja lumiukko,951-20-3978-8,1992,480
84.2,"Roberts, Nora, kirjoittaja.",Etsij√§t,978-951-20-9571-1,2014,480
84.2,"Lindgren, Astrid.","Ronja, ry√∂v√§rintyt√§r",951-0-10855-3,1981,480
84.2,"Hirvisaari, Laila.","Min√§, Katariina : romaani",978-951-1-25005-0,2011,480
85.32,,Simpsonit : jytkypaukku,978-952-220-412-7,2011,480
84.2,"Pakkanen, Outi.",Talvimies : j√§nnitysromaani,978-951-1-22087-9,2007,479
85.22 KU,"Casey, Jo.",Prinsessojen lumottu maailma,978-951-32-3199-6,2011,479
84.2,"Morrison, Toni.",Koti,978-951-31-7218-3,2014,479
84.2,"Chamberlain, Diane.",Valheiden takaa,978-951-0-39100-6,2012,479
84.2 J√ÑN,"Bl√¶del, Sara.",Nimimerkki Prinsessa,978-951-23-5544-0,2013,479
84.2,"Camilleri, Andrea.",H√§m√§h√§kin k√§rsiv√§llisyys,978-951-0-38867-9,2013,478
84.2,"Koivukari, Tapio.",K√§pykaartilaiset : romaani,978-951-0-39945-3,2013,478
67.451,"Niemel√§, Reetta.",Tikkum√§en koirat,978-951-1-26434-7,2013,478
85.22,"Bergstr√∂m, Gunilla.","Lenn√§, sanoi Mikko Mallikas",951-31-1055-9,1997,477
84.2,"Tervo, Kati.",Sukupuu : romaani,978-951-0-40693-9,2014,477
84.2,"Nesb√∏, Jo.",Pelastaja,978-951-0-31892-8,2007,477
84.2,"Impey, Rose.",Piraatti-Pete ja varastettu aarre,978-951-883-150-4,2011,477
84.2 D,"Jansson, Anna.",Haudankaivaja,978-951-20-8100-4,2009,477
84.2,"Gutman, Dan.",S√§h√§kk√§√§ siivousta,978-951-32-3530-7,2012,476
84.2,"Lehtinen, Tuija, kirjoittaja.",Armon aika,978-951-1-28219-8,2014,476
69.6309,"Adams, Simon.",Titanic,978-951-32-3156-9,2011,475
85.12 H,"Goodhart, Pippa.",Kakkutesti,978-951-882-862-7,2008,475
85.22,But excuse me that is my book,Se on totta viek√∂√∂n minun kirjani,978-951-0-36199-3,2010,475
84.2,"Kallioniemi, Tuula.",Karoliina ja vallaton pentu,978-951-1-26001-1,2012,475
84.2,"Adler, Elizabeth.",Monte Carlon jalokivet,978-951-20-8738-9,2012,475
84.2,"Atkinson, Kate.",Ihan tavallisena p√§iv√§n√§,978-951-50-2112-0,2011,474
84.2 D,"Kepler, Lars.",Hypnotisoija : rikosromaani,978-951-31-5274-1,2010,474
84.2,"Ropponen, Markku.",Pimento,978-952-5918-91-5,2012,474
84.2,"Iggulden, Conn.",Myrskylintu,978-951-1-27980-8,2014,474
85.22,"Dale, Penny.",Dinot vauhdissa,978-951-883-419-2,2013,473
84.2,"Benton, Jim.","Rakas nuija p√§iv√§kirjani, t√§√§ll√§ taas. 1, Koulu, eik√∂ se ikin√§ lopu? /",978-951-32-3644-1,2012,473
85.22,"KilBride, Sarah.",Hopea : lumimaan taikaponi,978-951-23-5465-8,2012,473
84.2 HELP,"Bradman, Tony.",Muumiot tv-t√§htin√§,951-882-634-X,2006,472
84.2,"Remes, Matti.",Pako,978-951-31-6280-1,2011,472
84.2,"Jalo, Merja.",Jesse kaverikoira,978-951-0-38463-3,2012,472
L85.32,Les egyptochats.,Faraokissa,978-951-1-25159-0,2011,471
85.32,,Ihan Ankkana : Aku Ankka 75 vuotta,978-951-32-2693-0,2009,471
84.2 D,"S√∂derberg, Alexander.",Andalusialainen yst√§v√§,978-951-20-9088-4,2014,471
85.22,"Cousins, Lucy.","Maisa, Keke ja heiluva hammas",951-0-31510-9,2006,470
84.2,"Atkinson, Kate.",Kaikkein v√§h√§p√§t√∂isin asia,978-951-52-2970-0,2012,470
84.2,"Mustonen, Enni.",Nimett√∂m√§t,951-1-19759-2,2004,470
85.22,"Smallman, Steve.",M√∂rkki,978-951-883-545-8,2014,470
84.2,"McLain, Paula.",Nuoruutemme Pariisi,978-951-20-9105-8,2014,469
84.2,"Jalo, Merja.",Arvoitusten y√∂,978-951-0-40096-8,2014,469
85.32,,Bart Simpson : kepposten prinssi,978-952-220-413-4,2011,469
84.2,"Tuominen, Pirjo.",Naistenvalssi,978-951-31-4935-2,2009,468
84.2,"Steel, Danielle.",Kelpo nainen,978-951-0-38600-2,2012,468
85.12 H,"Wilding, Valerie.",Kaivuri ja kuormuri,978-951-882-941-9,2009,468
85.22 KU,"M√≠ler, Zdenk.",Myyr√§ puhemiehen√§,951-31-2511-4,2002,467
85.22 KU,"Harjanne, Maikki.",Minttu harrastaa,951-1-21061-0,2006,467
84.2,"Marttinen, Annamari.",Mit√§ ilman ei voi olla,978-951-31-7136-0,2013,467
N84.2,"Gutman, Dan.",Tyrm√§√§v√§ terkkari,978-951-32-3493-5,2012,467
84.2,"Parvela, Timo.",Ella ja Pukari,951-31-1944-0,2000,466
84.2,"Cornwell, Patricia.",Punainen usva,978-951-1-25430-0,2012,466
85.22,"Tuomainen, Hannu.",Niko 2 : lent√§j√§veljekset,978-951-20-9001-3,2012,466
85.22,"Louhi, Kristiina.",Tompan juhlakirja,978-951-31-7140-7,2013,466
84.2,"Liksom, Rosa.",Hytti nro 6 : kertomus,978-951-0-38274-5,2011,466
84.2,"Sten, Viveca.",Syviss√§ vesiss√§,978-952-5918-68-7,2012,465
85.22,"Kaarla, Riina.","Yll√§tys kasvimaalla, Muumipappa!",978-951-31-6994-7,2012,465
84.2,"Rowling, J. K.",Paikka vapaana,978-951-1-26954-0,2012,465
84.2,"Preston, Douglas.",Kuolleiden kirja,978-951-20-9247-5,2013,465
85.22,"Bently, Peter.","Kissa, hiiri ja karkurijuna",978-951-883-525-0,2013,465
84.2,"Nyk√§nen, Harri.",Paha paha tytt√∂,978-952-92-7216-7,2010,464
84.2 Fan ,"Hunter, Erin.",Villiin luontoon,978-951-884-460-3,2009,464
84.2,"Roberts, Nora.",Jotain sinist√§,978-951-20-8226-1,2011,463
92.71,"Keskisarja, Teemu.",Viipuri 1918,978-952-234-187-7,2013,463
62.51 KU,"Cullis, Megan.",Iso kirja isoista ajoneuvoista,978-952-230-263-2,2012,462
84.2,"Kallioniemi, Tuula.","Konsta, kovanaama",978-951-1-23725-9,2009,462
84.2,"Nopola, Sinikka.",Risto R√§pp√§√§j√§n elokuvakirja,978-951-31-4478-4,2008,462
84.2,,Hevarihiiri kuokkavieraana,978-951-1-22984-1,2008,461
84.2 HELP,"Fine, Anne.",Aamu ilman √§iti√§,978-951-882-807-8,2008,461
84.2,"Jalo, Merja.",Jesse karkukoira,978-951-0-35524-4,2009,461
84.2,"Impey, Rose.",Piraatti-Pete ja takaa-ajo merell√§,978-951-883-151-1,2011,461
85.32,"Jarla, Pertti.",Fingerpori. 5 /,978-952-270-031-5,2012,461
85.12 H,"Agnew, Kate.",Meill√§ on kivaa!,978-951-883-011-8,2009,461
85.22,"Donaldson, Julia.",Urhea pikku M√∂rkyli,951-882-450-9,2004,460
89.5038,"Kunnas, Mauri.",Hullunkurinen kuvasanakirja : suomi-englanti,978-951-1-25901-5,2013,460
84.2 J√ÑN,"Kallentoft, Mons.",Kev√§tkuolema,978-951-0-39520-2,2013,460
85.22,"Tison, Annette.",Barbapapan teatteri,978-951-1-22417-4,2008,459
85.32,,Simpsonit : iso kirja. [Osa 1] /,978-952-220-742-5,2013,459
84.2 H,"Fine, Anne.",Pipsa ja punainen ilmapallo,978-951-883-519-9,2013,458
85.22,"KilBride, Sarah.",Neptunus : meren taikaponi,978-951-23-5588-4,2012,458
85.22,"Lindman, Mervi.",Memmuli karkaa sirkukseen,978-951-31-4668-9,2009,458
85.22,Mater¬¥s Tall Tales,Martin tarinatalli,978-951-32-3197-2,2011,458
85.22,"Koivisto, Jari.",Miina ja Manu puutarhassa,978-951-866-796-7,2011,457
84.2,"Kallioniemi, Tuula.",Konsta kes√§laitumilla,951-1-20875-6,2006,457
84.2,"Lahiri, Jhumpa.",Tulvaniitty,978-951-31-7640-2,2014,457
85.22,"Hubery, Julia.",Aapo tulee apuun,978-951-883-500-7,2013,457
84.2,"Olsson, Linda.",Kaikki hyv√§ sinussa,978-951-20-8408-1,2012,457
84.2 D,"Staun, Susanne.",Punainen merkki,978-951-0-38863-1,2014,456
84.2,"Jalo, Merja.",Jesse fanikoira,978-951-0-37722-2,2011,456
84.2 H ,"Parvela, Timo.",Ella ja kaverit. 4-7 /,951-31-3566-7,2006,456
84.2 D,"Jokinen, Seppo.",Koskinen ja raadonsy√∂j√§ : rikosromaani,951-23-4822-5,2006,456
85.22,"Buckingham, Matt.",Arkajalka Artturi,978-951-883-542-7,2014,456
84.2,"Fossum, Karin.",Min√§ n√§en pime√§ss√§,978-951-0-39012-2,2012,455
84.2 SOTA,"Haapanen, Atso.",Punainen t√§hti,978-951-23-5736-9,2013,455
84.2,"Verdon, John.",Murhakierre,978-951-20-9195-9,2013,455
84.2 D,"Marklund, Liza.",Postikorttimurhat,978-951-1-24170-6,2010,455
65.8,"Elsmore, Warren.",Sinustako arkkitehti Lego-palikoilla? : kuuluisimmat n√§ht√§vyydet ja ohjeet yli 30 omaan rakennusprojektiin,978-952-240-194-6,2013,455
84.2,"Alasalmi, P√§ivi.",Joenjoen laulu,978-951-20-9295-6,2013,454
84.2 HELP,"Donaldson, Julia.",Lukkimo oppii laskemaan,951-882-445-2,2004,454
84.2 D,"L√∂nnroth, Heleena, kirjoittaja",Mystiset katoamiset : j√§nnitysromaani,978-952-67286-9-8,2014,454
85.22,"Scarry, Richard.",Kissalan perhe,978-951-31-7368-5,2013,454
85.22,Cars storybook collection.,T√§htihetki√§,978-951-32-3083-8,2011,454
85.22,"Fuge, Charles.",Pikku dinojen lentomatka,978-951-883-333-1,2012,454
85.12 H,"Bedford, William.","Kiiltomato, joka kadotti kiiltonsa",978-951-883-067-5,2010,454
84.2 HELP,"Kallioniemi, Tuula.",Reuhurinteen ala-aste,951-1-14973-3,1997,453
85.22 KU,,Voimistelija,978-951-20-9432-5,2013,453
85.32,,N√§in naapurissa : ankan el√§m√§√§,978-951-32-2882-8,2010,453
85.22 KU,"Koskimies, Pirkko.",Pupu Tupuna tavaratalossa,978-951-32-2584-1,2008,453
84.2 Kauhu,"Stine, R. L.",Kuka katoaa seuraavaksi?,978-951-32-2823-1,2009,453
85.22,"Child, Lauren.",Himpun verran n√§kym√§t√∂n,978-951-0-37830-4,2011,453
85.22,"Louhi, Kristiina.",Tomppa on iso,978-951-31-2548-6,2002,453
84.2,"Lipasti, Roope, kirjoittaja.",Halkaisukirvesmies : el√§m√§ ja v√§h√§isemm√§t teot,978-952-300-029-2,2014,452
85.22,"Scarry, Richard.",H√∂yrylaivan arvoitus,978-951-31-7202-2,2012,452
85.22 KU,"Koskimies, Pirkko.",Pupu Tupuna p√§iv√§kerhossa,978-951-32-3101-9,2011,452
84.2,"Gutman, Dan.",H√∂per√∂t p√∂per√∂t,978-951-32-3492-8,2012,451
85.22,Secret of the wings.,Helin√§-keiju ja siipien salaisuus,978-951-32-3485-0,2012,451
L85.12,"Sivunen, Pia.",Miina ja Manu juhlivat,978-951-866-826-1,2012,450
85.12 H,"Impey, Rose.",Piraatti-Pete ja pullopostin arvoitus,978-951-883-058-3,2010,450
85.22,"KilBride, Sarah.",T√§hdikki : aavikon taikaponi,978-951-23-5589-1,2012,450
85.22,"Bergstr√∂m, Gunilla.","N√§kym√§t√∂nt√§, Mikko Mallikas!",951-31-1309-4,1998,450
85.32,"Poisson chat, suomi.",Kalajuttu,978-951-1-25160-6,2011,449
85.22,"Louhi, Kristiina.",Tomppa ja Taatelin maito,978-951-31-5234-5,2010,449
84.2,"Ingelman-Sundberg, Catharina.","Kakkua, kiitos!",978-951-52-3412-4,2014,449
85.22,"We honestly can look after your dog,suomi",Me ihan totta osataan hoitaa koiraa,978-951-0-35896-2,2010,448
85.22,"Hill, Eric.",Puppe leipoo,951-1-13385-3,1994,448
84.2 J√ÑN,"Piekkari, Eija.",Risteys : j√§nnitysromaani,978-952-202-418-3,2013,448
84.2,"Webb, Holly.",Viisas pikku Nappula,978-951-23-5742-0,2014,448
84.2,"Gutman, Dan.",Liikaa liikkaa,978-951-32-3158-3,2011,446
85.22 KU,"Koivisto, Jari.",Miina ja Manu pajassa,978-951-866-740-0,2008,446
84.2,"Roberts, Nora.",Pedon y√∂,978-951-20-8132-5,2011,446
84.2,"Bulawayo, NoViolet.",Me tarvitaan uudet nimet,978-951-20-9139-3,2013,446
85.22,"Kaarla, Riina.","Miss√§ kissa, Muumimamma?",978-951-31-6991-6,2012,446
84.2,"Rooney, Anne.",Kadonnut sukka,978-951-883-200-6,2011,446
85.32,"Rosa, Don.",Pako Kielletyst√§ laaksosta ja muita Don Rosan parhaita,978-951-32-2887-3,2010,446
84.2,"Howard, Linda.",Y√∂n huntu,978-951-0-38921-8,2012,446
85.22,"Kaarla, Riina.",Muumipeikko eksyy : luukkukirja!,978-951-31-5069-3,2009,444
84.2,"Mustonen, Enni.",Yll√§tysperint√∂ : romaani,951-1-19029-6,2003,444
85.22,"Harjanne, Maikki.",Mintun l√§√§k√§rikirja,978-951-1-28276-1,2014,444
84.2,"L√∂nn, Pasi.",Viimeinen tili,978-951-31-6278-8,2011,444
84.2,"Havaste, Paula.",Kaksi rakkautta,978-951-20-8206-3,2010,443
84.2,"Jalo, Merja.",Jesse turvakoira,978-951-0-34570-2,2008,443
85.22,"Kaarla, Riina.",Muumipeikko seilaa : luukkukirja!,978-951-31-5958-0,2011,443
84.2,"L√§ckberg, Camilla.",J√§√§prinsessa,951-50-1615-0,2006,443
84.2,"Jalonen, Riitta.",Kuka sinut omistaa,978-951-31-7401-9,2013,443
84.2 TAVU,"Laird, Elizabeth.",Viidakkokoulu,978-951-882-750-7,2007,443
84.2,"Lehtinen, Tuija.",Suklaapolkuja,978-951-1-23006-9,2008,442
84.2 - Kauhu,"Stine, R. L.",Vampyyrin henk√§ys,978-951-32-2408-0,2007,442
85.22,"Tison, Annette.",Barbapapan muodot,978-951-1-25466-9,2011,442
84.2,"Gutman, Dan.",Kumma kuvisope,978-951-32-3155-2,2011,442
84.2 H ,"Gutman, Dan.",Ihan p√∂hk√∂ ope,978-951-32-2961-0,2010,442
84.2,"Ekman, Kerstin.",Huijareiden paraati,978-951-31-7010-3,2014,442
84.2 TAVU,"Rickards, Lynne.",Min√§ voitin!,978-951-882-863-4,2008,442
85.12 H,"Doyle, Malachy.",Kummitusliiga,978-951-883-137-5,2010,442
84.2,"Hulkko, Johanna.",Geoetsiv√§t ja muinaishaudan salaisuus,978-951-23-5775-8,2014,441
84.2 H,"Kallioniemi, Tuula.",Karoliina ja lent√§v√§ reppu,978-951-1-24126-3,2010,441
68.051,,Kodin kuvalehti.  2014 : 2,0023-2610,1967,441
84.2,"Jansson, Anna.",Hylynry√∂st√§j√§,978-951-20-7935-3,2009,440
84.2,"Kallioniemi, Tuula.","Konsta, tokaluokkalainen",951-1-21222-2,2006,440
85.12 H,"Llewellyn, Claire.",Uusi lemmikki,978-951-883-064-4,2010,440
84.2,"Sipil√§, Jarkko.",Sein√§√§ vasten,978-951-20-7810-3,2008,440
84.2,"Kyr√∂, Tuomas.",Mini√§,978-952-67705-0-5,2012,439
84.2,"Parvela, Timo.",Ella y√∂koulussa,951-31-2221-2,2001,439
84.2,"Parvela, Timo.",Ella ja kaverit. 1-3 /,951-31-3296-X,2005,439
84.2,"Higgins, Jack.",Kuoleman asiamiehet,978-951-20-9519-3,2014,439
84.2,"Ahern, Cecelia.",Tapaaminen El√§m√§n kanssa,978-951-20-8788-4,2012,439
84.2,"Nousiainen, Miika.",Vadelmavenepakolainen,978-951-1-22090-9,2007,439
85.12 H,"Impey, Rose.",Piraatti-Pete ja r√∂yhke√§t sieppaajat,978-951-883-014-9,2009,439
84.2,"Varis, Tuula-Liina, kirjoittaja.",Naisen paras yst√§v√§,978-951-0-40764-6,2014,439
84.2,"Tervo, Jari.",Layla : romaani,978-951-0-38277-6,2011,438
85.22,"Koivisto, Jari.",Miina ja Manu koulutiell√§,978-951-866-781-3,2010,438
85.22,"Lagonegro, Melissa.",Martin paras syntym√§p√§iv√§,978-951-32-3503-1,2012,438
85.22,"Koskimies, Pirkko.",Avulias Pupu Tupuna,978-951-32-3620-5,2013,438
84.2,"Nyk√§nen, Harri.",Mullasta maan,978-952-289-213-3,2014,438
85.22,"Hansen, Carla.",Rasmus Nallen iloinen vuosi,978-951-31-4205-6,2007,438
85.12 H,"Forde, Patricia.",Sammakot eiv√§t pid√§ lohik√§√§rmeist√§,978-951-883-136-8,2010,438
84.2,"Glattauer, Daniel.",Takiainen,978-951-796-923-9,2013,437
99.15,"Worth, Jennifer.",Hakekaa k√§til√∂!,978-951-1-26861-1,2012,437
84.2,"Chamberlain, Diane.",Saran totuus,978-951-0-37776-5,2011,437
84.2,"Nesb√∏, Jo.",Lumiukko,978-951-0-33769-1,2008,437
84.2,"Manner, Max.",Bandiitti,978-952-289-138-9,2014,437
92.73,"Porvali, Mikko.",Hy√∂kk√§yksen edell√§ : kaukopartio Kannaksella kes√§ll√§ 1941,978-951-796-945-1,2013,437
84.2,"O'Farrell, Maggie.",Varoitus tukalasta helteest√§,978-951-52-3411-7,2014,437
84.2 D,"Jungstedt, Mari.",Aamun h√§m√§riss√§,978-951-1-23941-3,2010,437
84.2,"Koskinen, Juha-Pekka.",Yst√§v√§ni Rasputin : romaani,978-951-0-39772-5,2013,437
84.2,"Marttila, Johanna.",Lemmenkukkia,951-23-4732-6,2006,436
85.22,"Whybrow, Ian.",Harri ja dinot l√§htev√§t lomalle,978-951-883-332-4,2012,436
84.2,"P√§ttikangas, Eira.",J√§ljet ver√§j√§ll√§,978-951-23-5445-0,2011,436
84.2,"Sir√©n, Esa.",Kannaksen kostajat,978-951-20-9719-7,2014,436
85.22,"Miler, Zdenƒõk.",Myyr√§ ja vihre√§ t√§hti,978-951-31-6866-7,2012,436
85.22,"Smallman, Steve.",Tohtori Ankka,978-951-883-415-4,2013,435
84.2,"Statovci, Pajtim.",Kissani Jugoslavia,978-951-1-26978-6,2014,435
85.22,"Shields, Gillian.",Pupu pikkuruinen,978-951-883-491-8,2013,435
85.22,"Koskimies, Pirkko.",Pupu Tupuna matkalla kaupunkiin,978-951-32-3080-7,2011,435
85.22 KU,"Kaarla, Riina.",Kuka l√∂yt√§√§ paperit? : katselukirja,978-951-31-6525-3,2011,435
85.22,"Arenius, P√§ivi.",Muumilaakson p√§iv√§,978-951-31-7279-4,2013,435
85.22,"Louhi, Kristiina.",Tomppa ja mummolan y√∂,978-951-31-0605-8,1995,434
85.22,"Kirkkopelto, Katri.",Oona ja Eetu : ei h√§t√§√§!,978-952-288-018-5,2013,434
85.22,"Louhi, Kristiina.",Ainon vuosi,978-951-30-9413-3,1990,434
67.455,"Alderton, David.",Pienet lemmikkiel√§imet : omistajan opas,951-20-6482-0,2003,434
85.12 H,"Llewellyn, Claire.",Miisun torkut,978-951-883-062-0,2010,434
85.12 H,"Impey, Rose.",Piraatti-Pete ja yll√§tys arkussa,978-951-883-059-0,2010,433
84.2,"Nopola, Sinikka.","Hein√§hattu, Vilttitossu ja vauva",951-30-9487-1,1990,433
85.32,Simpsons confidential.,Simpsonit : salaiset kansiot,978-952-220-557-5,2012,433
84.2,"Roberts, Nora.",Jotain lainattua,978-951-20-8225-4,2011,433
84.2,"Kallioniemi, Tuula.",Karoliina ja nokkela Neema,978-951-1-26984-7,2013,432
59.051,,Kotil√§√§k√§ri  2014 : 1,0787-9385,1978,432
84.2 D,"Remes, Ilkka.",Ter√§sleijona,978-951-0-38419-0,2011,432
84.2,"Roberts, Nora.",Jotain vanhaa,978-951-20-8224-7,2010,432
84.2 H ,"Kallioniemi, Tuula.",Karoliina ja hullu huvipuisto,978-951-1-23761-7,2009,432
84.2,"Nopola, Tiina.",Rauhallinen Erkki ja hiutalepoika,978-951-31-7391-3,2013,431
85.22,"Hapka, Catherine.",Kavionkopsetta,978-951-32-3771-4,2013,431
74.11,"Hart, Christopher.",N√§in piirr√§t sarjakuvael√§imi√§ : hauska ja helppo piirustusopas,978-951-883-103-0,2010,431
84.2 H,"Easton, Tom.",Aavekala,978-951-883-521-2,2013,430
84.2,"Gerritsen, Tess.",Hiljainen tytt√∂,978-951-1-25718-9,2011,430
84.2,"Halttunen, Elina.",Syysvieraita : romaani rakastajista ja rakastetuista,978-951-851-481-0,2012,430
59.55,"Jensen, Hanna.",940 p√§iv√§√§ is√§ni muistina,978-951-851-375-2,2013,429
84.2,"Kanto, Anneli.",Tulik√§rp√§set,978-951-23-5098-8,2009,429
84.2,"J√§rvel√§, Jari.",Tytt√∂ ja pommi,978-952-289-139-6,2014,429
85.22,"R√∂nns, Christel.",Perin erikoinen muna,978-951-52-3183-3,2012,429
85.22,"Kirkkopelto, Katri.",Molli,978-952-288-019-2,2013,429
84.2,"Brook, Rhidian.",Talo Elben rannalla,978-951-1-25864-3,2014,429
85.22,"Jansson, Tove.",Vaarallinen matka,978-951-0-08186-0,1977,429
86.53,"Walls, Jeannette.",Lasilinna,978-952-279-037-8,2014,428
76.051,,Avotakka.  2014 : 1,0355-2950,1967,428
84.2,"Roth, Veronica, kirjoittaja.",Kapinallinen,978-951-1-28005-7,2014,428
85.22,"Cunliffe, John.",Postimies Pate : kaksi erikoista pakettia!. 1 /,978-952-6603-83-4,2013,428
84.2 H,"Easton, Tom.",Ter√§svalas,978-951-883-520-5,2013,427
85.22,"Mawhinney, Art.",Tallien taikaa : piilokuvakirja,978-951-32-3497-3,2012,427
85.22,"Kunnas, Mauri.",Mauri Kunnaksen Koiram√§ki,951-1-14399-9,1996,427
84.2 D,"James, Peter.",Kuoleman kanssa ei kujeilla,978-952-492-387-3,2010,427
85.22,"Havukainen, Aino.",Veeran keitti√∂puuhat,978-951-1-28003-3,2014,427
84.2,"Rosman, Ann.",Majakkamestarin tyt√§r,978-952-5637-01-4,2011,426
85.32,The Simpsons go for the gold.,Simpsonit : tavoitteena kulta,978-952-220-536-0,2012,426
N84.2,"Jalo, Merja.",Jesse muotikoira,978-951-0-37277-7,2011,426
85.22,"Jansson, Tove.",Kuinkas sitten k√§vik√§√§n?,951-0-08687-8,1987,426
L85,"Kirkkopelto, Katri.",Oona ja Eetu : eri mielt√§,978-951-627-887-5,2011,426
84.2,"Kaunisto, Milja.",Synnintekij√§,978-951-20-9096-9,2013,425
3,"Guinness world records 2015, suomi",Guinness world records 2015,978-951-32-3988-6,2014,425
85.32,"Jarla, Pertti.",Fingerpori. 7 /,978-952-270-090-2,2014,425
84.2,"Andersson, Lena.",Omavaltaista menettely√§ : romaani rakkaudesta,978-952-234-205-8,2014,425
84.2,"Follett, Ken.",Maailman talvi,978-951-0-39428-1,2013,425
84.2,"Kaarnakari, Ville.",Operaatio Para Bellum : OPB,978-951-31-7430-9,2013,425
